[{"pk": 1, "fields": {"app_label": "auth", "name": "permission", "model": "permission"}, "model": "contenttypes.contenttype"}, {"pk": 2, "fields": {"app_label": "auth", "name": "group", "model": "group"}, "model": "contenttypes.contenttype"}, {"pk": 3, "fields": {"app_label": "auth", "name": "user", "model": "user"}, "model": "contenttypes.contenttype"}, {"pk": 4, "fields": {"app_label": "contenttypes", "name": "content type", "model": "contenttype"}, "model": "contenttypes.contenttype"}, {"pk": 5, "fields": {"app_label": "redirects", "name": "redirect", "model": "redirect"}, "model": "contenttypes.contenttype"}, {"pk": 6, "fields": {"app_label": "sessions", "name": "session", "model": "session"}, "model": "contenttypes.contenttype"}, {"pk": 7, "fields": {"app_label": "sites", "name": "site", "model": "site"}, "model": "contenttypes.contenttype"}, {"pk": 8, "fields": {"app_label": "conf", "name": "Setting", "model": "setting"}, "model": "contenttypes.contenttype"}, {"pk": 9, "fields": {"app_label": "core", "name": "Site permission", "model": "sitepermission"}, "model": "contenttypes.contenttype"}, {"pk": 10, "fields": {"app_label": "generic", "name": "Comment", "model": "threadedcomment"}, "model": "contenttypes.contenttype"}, {"pk": 11, "fields": {"app_label": "generic", "name": "Keyword", "model": "keyword"}, "model": "contenttypes.contenttype"}, {"pk": 12, "fields": {"app_label": "generic", "name": "assigned keyword", "model": "assignedkeyword"}, "model": "contenttypes.contenttype"}, {"pk": 13, "fields": {"app_label": "generic", "name": "Rating", "model": "rating"}, "model": "contenttypes.contenttype"}, {"pk": 14, "fields": {"app_label": "blog", "name": "Blog post", "model": "blogpost"}, "model": "contenttypes.contenttype"}, {"pk": 15, "fields": {"app_label": "blog", "name": "Blog Category", "model": "blogcategory"}, "model": "contenttypes.contenttype"}, {"pk": 16, "fields": {"app_label": "forms", "name": "Form", "model": "form"}, "model": "contenttypes.contenttype"}, {"pk": 17, "fields": {"app_label": "forms", "name": "Field", "model": "field"}, "model": "contenttypes.contenttype"}, {"pk": 18, "fields": {"app_label": "forms", "name": "Form entry", "model": "formentry"}, "model": "contenttypes.contenttype"}, {"pk": 19, "fields": {"app_label": "forms", "name": "Form field entry", "model": "fieldentry"}, "model": "contenttypes.contenttype"}, {"pk": 20, "fields": {"app_label": "pages", "name": "Page", "model": "page"}, "model": "contenttypes.contenttype"}, {"pk": 21, "fields": {"app_label": "pages", "name": "Rich text page", "model": "richtextpage"}, "model": "contenttypes.contenttype"}, {"pk": 22, "fields": {"app_label": "pages", "name": "Link", "model": "link"}, "model": "contenttypes.contenttype"}, {"pk": 23, "fields": {"app_label": "galleries", "name": "Gallery", "model": "gallery"}, "model": "contenttypes.contenttype"}, {"pk": 24, "fields": {"app_label": "galleries", "name": "Image", "model": "galleryimage"}, "model": "contenttypes.contenttype"}, {"pk": 25, "fields": {"app_label": "twitter", "name": "Twitter query", "model": "query"}, "model": "contenttypes.contenttype"}, {"pk": 26, "fields": {"app_label": "twitter", "name": "Tweet", "model": "tweet"}, "model": "contenttypes.contenttype"}, {"pk": 27, "fields": {"app_label": "south", "name": "migration history", "model": "migrationhistory"}, "model": "contenttypes.contenttype"}, {"pk": 28, "fields": {"app_label": "admin", "name": "log entry", "model": "logentry"}, "model": "contenttypes.contenttype"}, {"pk": 29, "fields": {"app_label": "comments", "name": "comment", "model": "comment"}, "model": "contenttypes.contenttype"}, {"pk": 30, "fields": {"app_label": "comments", "name": "comment flag", "model": "commentflag"}, "model": "contenttypes.contenttype"}, {"pk": "2y50puzt6u3dn17xeknu7nofg5v5c6pw", "fields": {"expire_date": "2015-05-27T18:25:28.956Z", "session_data": "YThjOWVlNjI4ZGEwMGUxNjllNTY3Y2EzYzBmOWJkNzYyZDI4ZjBhZjp7Il9hdXRoX3VzZXJfYmFja2VuZCI6Im1lenphbmluZS5jb3JlLmF1dGhfYmFja2VuZHMuTWV6emFuaW5lQmFja2VuZCIsIl9hdXRoX3VzZXJfaWQiOjJ9"}, "model": "sessions.session"}, {"pk": "700ce8uip12weno1h731gitlgwkdt133", "fields": {"expire_date": "2015-05-21T18:04:30.500Z", "session_data": "YThjOWVlNjI4ZGEwMGUxNjllNTY3Y2EzYzBmOWJkNzYyZDI4ZjBhZjp7Il9hdXRoX3VzZXJfYmFja2VuZCI6Im1lenphbmluZS5jb3JlLmF1dGhfYmFja2VuZHMuTWV6emFuaW5lQmFja2VuZCIsIl9hdXRoX3VzZXJfaWQiOjJ9"}, "model": "sessions.session"}, {"pk": "8gnsqrufvxge0yt67xa11g4h9kzl5egq", "fields": {"expire_date": "2015-06-01T14:57:52.588Z", "session_data": "YThjOWVlNjI4ZGEwMGUxNjllNTY3Y2EzYzBmOWJkNzYyZDI4ZjBhZjp7Il9hdXRoX3VzZXJfYmFja2VuZCI6Im1lenphbmluZS5jb3JlLmF1dGhfYmFja2VuZHMuTWV6emFuaW5lQmFja2VuZCIsIl9hdXRoX3VzZXJfaWQiOjJ9"}, "model": "sessions.session"}, {"pk": "c2h2iozqynqk44kdrummqrbi4jb6d6qd", "fields": {"expire_date": "2015-05-29T00:52:37.761Z", "session_data": "ODEyOTgxODZjOTdhZDNjOTNlZDNmZmVjOGM1MzZiNTVhNTk5NmIwOTp7Il9hdXRoX3VzZXJfaWQiOjIsIl9hdXRoX3VzZXJfYmFja2VuZCI6Im1lenphbmluZS5jb3JlLmF1dGhfYmFja2VuZHMuTWV6emFuaW5lQmFja2VuZCJ9"}, "model": "sessions.session"}, {"pk": "d376nygewynbqmw42azc2469kpvuctek", "fields": {"expire_date": "2015-05-24T01:39:13.184Z", "session_data": "NmJlNTA2YzdlMzllNWMwMTQ3MmIwMTU2MjE3NmEyNDM4MjdkM2MxZTp7fQ=="}, "model": "sessions.session"}, {"pk": "g0fr6iyo5rdc0qrlo69jyb9bfkuyxecq", "fields": {"expire_date": "2015-05-29T14:11:40.680Z", "session_data": "YThjOWVlNjI4ZGEwMGUxNjllNTY3Y2EzYzBmOWJkNzYyZDI4ZjBhZjp7Il9hdXRoX3VzZXJfYmFja2VuZCI6Im1lenphbmluZS5jb3JlLmF1dGhfYmFja2VuZHMuTWV6emFuaW5lQmFja2VuZCIsIl9hdXRoX3VzZXJfaWQiOjJ9"}, "model": "sessions.session"}, {"pk": "h9j6iwazng0laeimwn0rf79a11uz4wfa", "fields": {"expire_date": "2015-05-31T14:57:22.455Z", "session_data": "YThjOWVlNjI4ZGEwMGUxNjllNTY3Y2EzYzBmOWJkNzYyZDI4ZjBhZjp7Il9hdXRoX3VzZXJfYmFja2VuZCI6Im1lenphbmluZS5jb3JlLmF1dGhfYmFja2VuZHMuTWV6emFuaW5lQmFja2VuZCIsIl9hdXRoX3VzZXJfaWQiOjJ9"}, "model": "sessions.session"}, {"pk": "j8wo39n4gcym5b0aq0805ux3go3y3wvw", "fields": {"expire_date": "2015-05-20T14:31:31.255Z", "session_data": "ODEyOTgxODZjOTdhZDNjOTNlZDNmZmVjOGM1MzZiNTVhNTk5NmIwOTp7Il9hdXRoX3VzZXJfaWQiOjIsIl9hdXRoX3VzZXJfYmFja2VuZCI6Im1lenphbmluZS5jb3JlLmF1dGhfYmFja2VuZHMuTWV6emFuaW5lQmFja2VuZCJ9"}, "model": "sessions.session"}, {"pk": "nxb79tvktn013rkmbjzv75jx14to5ylk", "fields": {"expire_date": "2015-05-25T16:50:26.359Z", "session_data": "YThjOWVlNjI4ZGEwMGUxNjllNTY3Y2EzYzBmOWJkNzYyZDI4ZjBhZjp7Il9hdXRoX3VzZXJfYmFja2VuZCI6Im1lenphbmluZS5jb3JlLmF1dGhfYmFja2VuZHMuTWV6emFuaW5lQmFja2VuZCIsIl9hdXRoX3VzZXJfaWQiOjJ9"}, "model": "sessions.session"}, {"pk": "q7aucoei8dtgt1636ibjbs0n5hdj7kc0", "fields": {"expire_date": "2015-05-22T18:10:13.747Z", "session_data": "ODEyOTgxODZjOTdhZDNjOTNlZDNmZmVjOGM1MzZiNTVhNTk5NmIwOTp7Il9hdXRoX3VzZXJfaWQiOjIsIl9hdXRoX3VzZXJfYmFja2VuZCI6Im1lenphbmluZS5jb3JlLmF1dGhfYmFja2VuZHMuTWV6emFuaW5lQmFja2VuZCJ9"}, "model": "sessions.session"}, {"pk": "rg9i0krsnr4d9u2a4zrxevbn49ckkopl", "fields": {"expire_date": "2015-05-20T20:50:14.617Z", "session_data": "ODEyOTgxODZjOTdhZDNjOTNlZDNmZmVjOGM1MzZiNTVhNTk5NmIwOTp7Il9hdXRoX3VzZXJfaWQiOjIsIl9hdXRoX3VzZXJfYmFja2VuZCI6Im1lenphbmluZS5jb3JlLmF1dGhfYmFja2VuZHMuTWV6emFuaW5lQmFja2VuZCJ9"}, "model": "sessions.session"}, {"pk": "w02wjcszz0wruv9iptsnyvac7bwrk7gj", "fields": {"expire_date": "2015-05-15T22:57:09.628Z", "session_data": "YThjOWVlNjI4ZGEwMGUxNjllNTY3Y2EzYzBmOWJkNzYyZDI4ZjBhZjp7Il9hdXRoX3VzZXJfYmFja2VuZCI6Im1lenphbmluZS5jb3JlLmF1dGhfYmFja2VuZHMuTWV6emFuaW5lQmFja2VuZCIsIl9hdXRoX3VzZXJfaWQiOjJ9"}, "model": "sessions.session"}, {"pk": "z5acy7mfyl1jse3bi6mnu4sfolx819ke", "fields": {"expire_date": "2015-05-20T19:07:44.607Z", "session_data": "NmJlNTA2YzdlMzllNWMwMTQ3MmIwMTU2MjE3NmEyNDM4MjdkM2MxZTp7fQ=="}, "model": "sessions.session"}, {"pk": 1, "fields": {"domain": "127.0.0.1:8000", "name": "Default"}, "model": "sites.site"}, {"pk": 1, "fields": {"value": "", "site": 1, "name": "TWITTER_CONSUMER_KEY"}, "model": "conf.setting"}, {"pk": 2, "fields": {"value": "", "site": 1, "name": "TWITTER_CONSUMER_SECRET"}, "model": "conf.setting"}, {"pk": 3, "fields": {"value": "", "site": 1, "name": "BITLY_ACCESS_TOKEN"}, "model": "conf.setting"}, {"pk": 4, "fields": {"value": "5", "site": 1, "name": "BLOG_POST_PER_PAGE"}, "model": "conf.setting"}, {"pk": 5, "fields": {"value": "", "site": 1, "name": "COMMENTS_DISQUS_API_PUBLIC_KEY"}, "model": "conf.setting"}, {"pk": 6, "fields": {"value": "search", "site": 1, "name": "TWITTER_DEFAULT_QUERY_TYPE"}, "model": "conf.setting"}, {"pk": 7, "fields": {"value": "", "site": 1, "name": "SSL_FORCE_HOST"}, "model": "conf.setting"}, {"pk": 8, "fields": {"value": "False", "site": 1, "name": "RATINGS_ACCOUNT_REQUIRED"}, "model": "conf.setting"}, {"pk": 9, "fields": {"value": "", "site": 1, "name": "COMMENTS_NOTIFICATION_EMAILS"}, "model": "conf.setting"}, {"pk": 10, "fields": {"value": "from:stephen_mcd mezzanine", "site": 1, "name": "TWITTER_DEFAULT_QUERY"}, "model": "conf.setting"}, {"pk": 11, "fields": {"value": "False", "site": 1, "name": "SSL_ENABLED"}, "model": "conf.setting"}, {"pk": 12, "fields": {"value": "True", "site": 1, "name": "COMMENTS_DEFAULT_APPROVED"}, "model": "conf.setting"}, {"pk": 13, "fields": {"value": "", "site": 1, "name": "AKISMET_API_KEY"}, "model": "conf.setting"}, {"pk": 14, "fields": {"value": "True", "site": 1, "name": "COMMENTS_REMOVED_VISIBLE"}, "model": "conf.setting"}, {"pk": 15, "fields": {"value": "True", "site": 1, "name": "COMMENTS_UNAPPROVED_VISIBLE"}, "model": "conf.setting"}, {"pk": 16, "fields": {"value": "", "site": 1, "name": "COMMENTS_DISQUS_SHORTNAME"}, "model": "conf.setting"}, {"pk": 17, "fields": {"value": "", "site": 1, "name": "SITE_TAGLINE"}, "model": "conf.setting"}, {"pk": 18, "fields": {"value": "", "site": 1, "name": "TWITTER_ACCESS_TOKEN_KEY"}, "model": "conf.setting"}, {"pk": 19, "fields": {"value": "3", "site": 1, "name": "TWITTER_DEFAULT_NUM_TWEETS"}, "model": "conf.setting"}, {"pk": 20, "fields": {"value": "False", "site": 1, "name": "ADMIN_MENU_COLLAPSED"}, "model": "conf.setting"}, {"pk": 21, "fields": {"value": "", "site": 1, "name": "TWITTER_ACCESS_TOKEN_SECRET"}, "model": "conf.setting"}, {"pk": 22, "fields": {"value": "4", "site": 1, "name": "TAG_CLOUD_SIZES"}, "model": "conf.setting"}, {"pk": 23, "fields": {"value": "5", "site": 1, "name": "COMMENTS_NUM_LATEST"}, "model": "conf.setting"}, {"pk": 24, "fields": {"value": "False", "site": 1, "name": "COMMENTS_ACCOUNT_REQUIRED"}, "model": "conf.setting"}, {"pk": 25, "fields": {"value": "10", "site": 1, "name": "SEARCH_PER_PAGE"}, "model": "conf.setting"}, {"pk": 26, "fields": {"value": "", "site": 1, "name": "COMMENTS_DISQUS_API_SECRET_KEY"}, "model": "conf.setting"}, {"pk": 27, "fields": {"value": "10", "site": 1, "name": "MAX_PAGING_LINKS"}, "model": "conf.setting"}, {"pk": 28, "fields": {"value": "Tyndale", "site": 1, "name": "SITE_TITLE"}, "model": "conf.setting"}, {"pk": 29, "fields": {"value": "1", "site": 1, "name": "RICHTEXT_FILTER_LEVEL"}, "model": "conf.setting"}, {"pk": 30, "fields": {"value": "", "site": 1, "name": "GOOGLE_ANALYTICS_ID"}, "model": "conf.setting"}, {"pk": 3, "fields": {"send_email": true, "email_subject": "", "content": "<p>Fill in the form below to get in touch with us.</p>", "email_copies": "", "email_message": "", "email_from": "", "response": "<p>Thanks for getting in touch with us. We'll get back to you as soon as possible.</p>", "button_text": "Submit"}, "model": "forms.form"}, {"pk": 1, "fields": {"entry_time": "2015-05-13T05:41:31.440Z", "form": 3}, "model": "forms.formentry"}, {"pk": 2, "fields": {"entry_time": "2015-05-13T16:40:01.403Z", "form": 3}, "model": "forms.formentry"}, {"pk": 3, "fields": {"entry_time": "2015-05-13T16:42:26.706Z", "form": 3}, "model": "forms.formentry"}, {"pk": 4, "fields": {"entry_time": "2015-05-13T16:46:35.978Z", "form": 3}, "model": "forms.formentry"}, {"pk": 5, "fields": {"entry_time": "2015-05-13T17:29:15.615Z", "form": 3}, "model": "forms.formentry"}, {"pk": 6, "fields": {"entry_time": "2015-05-13T17:58:07.195Z", "form": 3}, "model": "forms.formentry"}, {"pk": 7, "fields": {"entry_time": "2015-05-13T18:11:52.189Z", "form": 3}, "model": "forms.formentry"}, {"pk": 8, "fields": {"entry_time": "2015-05-13T18:20:48.530Z", "form": 3}, "model": "forms.formentry"}, {"pk": 9, "fields": {"entry_time": "2015-05-13T18:21:40.085Z", "form": 3}, "model": "forms.formentry"}, {"pk": 10, "fields": {"entry_time": "2015-05-13T18:25:03.548Z", "form": 3}, "model": "forms.formentry"}, {"pk": 11, "fields": {"entry_time": "2015-05-15T17:00:40.963Z", "form": 3}, "model": "forms.formentry"}, {"pk": 1, "fields": {"value": "TAE HWAN KIM", "entry": 1, "field_id": 1}, "model": "forms.fieldentry"}, {"pk": 2, "fields": {"value": "redleopard81@hotmail.com", "entry": 1, "field_id": 2}, "model": "forms.fieldentry"}, {"pk": 3, "fields": {"value": "Admission", "entry": 1, "field_id": 3}, "model": "forms.fieldentry"}, {"pk": 4, "fields": {"value": "How can I apply?", "entry": 1, "field_id": 4}, "model": "forms.fieldentry"}, {"pk": 5, "fields": {"value": "TAE HWAN KIM", "entry": 2, "field_id": 1}, "model": "forms.fieldentry"}, {"pk": 6, "fields": {"value": "taedori@outlook.com", "entry": 2, "field_id": 2}, "model": "forms.fieldentry"}, {"pk": 7, "fields": {"value": "Academics", "entry": 2, "field_id": 3}, "model": "forms.fieldentry"}, {"pk": 8, "fields": {"value": "hello", "entry": 2, "field_id": 4}, "model": "forms.fieldentry"}, {"pk": 9, "fields": {"value": "dasd", "entry": 3, "field_id": 1}, "model": "forms.fieldentry"}, {"pk": 10, "fields": {"value": "taedori@outlook.com", "entry": 3, "field_id": 2}, "model": "forms.fieldentry"}, {"pk": 11, "fields": {"value": "Donation", "entry": 3, "field_id": 3}, "model": "forms.fieldentry"}, {"pk": 12, "fields": {"value": "Messagedasdas", "entry": 3, "field_id": 4}, "model": "forms.fieldentry"}, {"pk": 13, "fields": {"value": "TAE HWAN KIM", "entry": 4, "field_id": 1}, "model": "forms.fieldentry"}, {"pk": 14, "fields": {"value": "redleopard81@hotmail.com", "entry": 4, "field_id": 2}, "model": "forms.fieldentry"}, {"pk": 15, "fields": {"value": "Admission", "entry": 4, "field_id": 3}, "model": "forms.fieldentry"}, {"pk": 16, "fields": {"value": "Message from tyndale contact form", "entry": 4, "field_id": 4}, "model": "forms.fieldentry"}, {"pk": 2, "fields": {"updated": "2015-05-15T01:18:59.548Z", "short_url": null, "content_model": "richtextpage", "created": null, "parent": null, "login_required": false, "status": 2, "_order": 1, "description": "About William Tyndale", "_meta_title": "", "title": "About", "site": 1, "publish_date": "2015-05-07T18:05:02Z", "titles": "About", "slug": "about", "expiry_date": null, "in_sitemap": true, "in_menus": "1", "keywords_string": "", "gen_description": false}, "model": "pages.page"}, {"pk": 3, "fields": {"updated": "2015-05-13T18:43:19.531Z", "short_url": null, "content_model": "form", "created": null, "parent": null, "login_required": false, "status": 2, "_order": 4, "description": "Fill in the form below to get in touch with us.", "_meta_title": "", "title": "Contact", "site": 1, "publish_date": "2015-05-07T01:39:16Z", "titles": "Contact", "slug": "contact", "expiry_date": null, "in_sitemap": true, "in_menus": "1", "keywords_string": "", "gen_description": true}, "model": "pages.page"}, {"pk": 10, "fields": {"updated": "2015-05-06T21:12:53.996Z", "short_url": null, "content_model": "richtextpage", "created": "2015-05-06T20:50:39.340Z", "parent": null, "login_required": false, "status": 2, "_order": 0, "description": "This is Tyndale International University Homepage...", "_meta_title": "", "title": "Home", "site": 1, "publish_date": "2015-05-06T20:50:39Z", "titles": "Home", "slug": "/", "expiry_date": null, "in_sitemap": true, "in_menus": "1", "keywords_string": "", "gen_description": true}, "model": "pages.page"}, {"pk": 14, "fields": {"updated": "2015-05-15T15:23:51.812Z", "short_url": null, "content_model": "richtextpage", "created": "2015-05-06T21:09:09.392Z", "parent": null, "login_required": false, "status": 2, "_order": 3, "description": "Admission Information", "_meta_title": "", "title": "Admissions", "site": 1, "publish_date": "2015-05-06T21:09:09Z", "titles": "Admissions", "slug": "admissions", "expiry_date": null, "in_sitemap": true, "in_menus": "1", "keywords_string": "", "gen_description": false}, "model": "pages.page"}, {"pk": 15, "fields": {"updated": "2015-05-15T15:26:30.421Z", "short_url": null, "content_model": "richtextpage", "created": "2015-05-06T22:24:45.303Z", "parent": null, "login_required": false, "status": 2, "_order": 2, "description": "Academic Information", "_meta_title": "", "title": "Academics", "site": 1, "publish_date": "2015-05-06T22:24:45Z", "titles": "Academics", "slug": "academics", "expiry_date": null, "in_sitemap": true, "in_menus": "1", "keywords_string": "", "gen_description": false}, "model": "pages.page"}, {"pk": 16, "fields": {"updated": "2015-05-15T15:35:05.164Z", "short_url": null, "content_model": "richtextpage", "created": "2015-05-06T22:25:08.799Z", "parent": 15, "login_required": false, "status": 2, "_order": 1, "description": "Course Informations", "_meta_title": "", "title": "Courses", "site": 1, "publish_date": "2015-05-06T22:25:08Z", "titles": "Academics / Courses", "slug": "academics/courses", "expiry_date": null, "in_sitemap": true, "in_menus": "1", "keywords_string": "", "gen_description": false}, "model": "pages.page"}, {"pk": 17, "fields": {"updated": "2015-05-07T18:10:24.317Z", "short_url": null, "content_model": "richtextpage", "created": "2015-05-06T22:25:23.585Z", "parent": 15, "login_required": false, "status": 2, "_order": 2, "description": "Faculty", "_meta_title": "", "title": "Faculty", "site": 1, "publish_date": "2015-05-06T22:25:23Z", "titles": "Academics / Faculty", "slug": "academics/faculty", "expiry_date": null, "in_sitemap": true, "in_menus": "1", "keywords_string": "", "gen_description": true}, "model": "pages.page"}, {"pk": 18, "fields": {"updated": "2015-05-07T18:11:06.174Z", "short_url": null, "content_model": "richtextpage", "created": "2015-05-06T22:25:47.106Z", "parent": 15, "login_required": false, "status": 2, "_order": 3, "description": "Academic Calendar", "_meta_title": "", "title": "Calendar", "site": 1, "publish_date": "2015-05-06T22:25:47Z", "titles": "Academics / Calendar", "slug": "academics/calendar", "expiry_date": null, "in_sitemap": true, "in_menus": "1", "keywords_string": "", "gen_description": true}, "model": "pages.page"}, {"pk": 19, "fields": {"updated": "2015-05-12T21:11:53.136Z", "short_url": null, "content_model": "richtextpage", "created": "2015-05-07T01:33:10.554Z", "parent": 2, "login_required": false, "status": 2, "_order": 4, "description": "- Administration and staffs", "_meta_title": "", "title": "Staff", "site": 1, "publish_date": "2015-05-07T01:33:10Z", "titles": "About / Staff", "slug": "about/staff", "expiry_date": null, "in_sitemap": true, "in_menus": "1", "keywords_string": "", "gen_description": false}, "model": "pages.page"}, {"pk": 20, "fields": {"updated": "2015-05-15T01:11:02.920Z", "short_url": null, "content_model": "richtextpage", "created": "2015-05-08T19:15:41.736Z", "parent": 2, "login_required": false, "status": 2, "_order": 0, "description": "", "_meta_title": "", "title": "President's Welcome", "site": 1, "publish_date": "2015-05-08T19:15:41Z", "titles": "About / President's Welcome", "slug": "about/president", "expiry_date": null, "in_sitemap": true, "in_menus": "1", "keywords_string": "", "gen_description": false}, "model": "pages.page"}, {"pk": 21, "fields": {"updated": "2015-05-18T14:58:20.374Z", "short_url": null, "content_model": "richtextpage", "created": "2015-05-08T19:16:19.597Z", "parent": 2, "login_required": false, "status": 2, "_order": 1, "description": "", "_meta_title": "", "title": "Chairman's Welcome", "site": 1, "publish_date": "2015-05-08T19:16:19Z", "titles": "About / Chairman's Welcome", "slug": "about/chairman", "expiry_date": null, "in_sitemap": true, "in_menus": "1", "keywords_string": "", "gen_description": false}, "model": "pages.page"}, {"pk": 22, "fields": {"updated": "2015-05-15T00:56:48.963Z", "short_url": null, "content_model": "richtextpage", "created": "2015-05-08T19:18:23.744Z", "parent": 2, "login_required": false, "status": 2, "_order": 2, "description": "", "_meta_title": "", "title": "Statement of Mission", "site": 1, "publish_date": "2015-05-08T19:18:23Z", "titles": "About / Statement of Mission", "slug": "about/mission", "expiry_date": null, "in_sitemap": true, "in_menus": "1", "keywords_string": "", "gen_description": false}, "model": "pages.page"}, {"pk": 23, "fields": {"updated": "2015-05-15T01:06:40.236Z", "short_url": null, "content_model": "richtextpage", "created": "2015-05-08T19:19:13.194Z", "parent": 2, "login_required": false, "status": 2, "_order": 3, "description": "", "_meta_title": "", "title": "Statement of Faith", "site": 1, "publish_date": "2015-05-08T19:19:13Z", "titles": "About / Statement of Faith", "slug": "about/faith", "expiry_date": null, "in_sitemap": true, "in_menus": "1", "keywords_string": "", "gen_description": false}, "model": "pages.page"}, {"pk": 24, "fields": {"updated": "2015-05-13T23:30:17.064Z", "short_url": null, "content_model": "richtextpage", "created": "2015-05-13T23:30:17.060Z", "parent": 15, "login_required": false, "status": 2, "_order": 0, "description": "Academic Programs", "_meta_title": "", "title": "Academic Programs", "site": 1, "publish_date": "2015-05-13T23:30:17.057Z", "titles": "Academics / Academic Programs", "slug": "academics/academic-programs", "expiry_date": null, "in_sitemap": true, "in_menus": "1", "keywords_string": "", "gen_description": true}, "model": "pages.page"}, {"pk": 2, "fields": {"content": "<p><b>\u00a0\u00a0\u00a0 William Tyndale</b> (<a href=\"http://en.wikipedia.org/wiki/Help:IPA_for_English\" title=\"Help:IPA for English\">/</a><a href=\"http://en.wikipedia.org/wiki/Help:IPA_for_English#Key\" title=\"Help:IPA for English\">\u02c8</a><a href=\"http://en.wikipedia.org/wiki/Help:IPA_for_English#Key\" title=\"Help:IPA for English\">t</a><a href=\"http://en.wikipedia.org/wiki/Help:IPA_for_English#Key\" title=\"Help:IPA for English\">\u026a</a><a href=\"http://en.wikipedia.org/wiki/Help:IPA_for_English#Key\" title=\"Help:IPA for English\">n</a><a href=\"http://en.wikipedia.org/wiki/Help:IPA_for_English#Key\" title=\"Help:IPA for English\">d</a><a href=\"http://en.wikipedia.org/wiki/Help:IPA_for_English#Key\" title=\"Help:IPA for English\">\u0259l</a><a href=\"http://en.wikipedia.org/wiki/Help:IPA_for_English\" title=\"Help:IPA for English\">/</a>;<sup class=\"reference\" id=\"cite_ref-1\"><a href=\"http://en.wikipedia.org/wiki/William_Tyndale#cite_note-1\">[1]</a></sup> sometimes spelled <i>Tynsdale</i>, <i>Tindall</i>, <i>Tindill</i>, <i>Tyndall</i>; c. 1494\u20131536) was an English scholar who became a leading figure in Protestant reform in the years leading up to his execution. He is well known for his translation of the <a href=\"http://en.wikipedia.org/wiki/Bible\" title=\"Bible\">Bible</a> into <a href=\"http://en.wikipedia.org/wiki/English_language\" title=\"English language\">English</a>. He was influenced by the work of <a href=\"http://en.wikipedia.org/wiki/Desiderius_Erasmus\" title=\"Desiderius Erasmus\">Desiderius Erasmus</a>, who made the <a href=\"http://en.wikipedia.org/wiki/Greek_language\" title=\"Greek language\">Greek</a> <a href=\"http://en.wikipedia.org/wiki/New_Testament\" title=\"New Testament\">New Testament</a> available in Europe, and by <a href=\"http://en.wikipedia.org/wiki/Martin_Luther\" title=\"Martin Luther\">Martin Luther</a>.<sup class=\"reference\" id=\"cite_ref-2\"><a href=\"http://en.wikipedia.org/wiki/William_Tyndale#cite_note-2\">[2]</a></sup> While a <a href=\"http://en.wikipedia.org/wiki/Old_English_Bible_translations\" title=\"Old English Bible translations\">number of partial translations</a> had been made from the seventh century onward, the spread of <a href=\"http://en.wikipedia.org/wiki/Wycliffe%27s_Bible\" title=\"Wycliffe's Bible\">Wycliffe's Bible</a> resulted in a death sentence for any unlicensed possession of Scripture in English\u2014even though translations in all other major European languages had been accomplished and made available.<sup class=\"reference\" id=\"cite_ref-beliefnet.com_3-0\"><a href=\"http://en.wikipedia.org/wiki/William_Tyndale#cite_note-beliefnet.com-3\">[3]</a></sup><sup class=\"reference\" id=\"cite_ref-4\"><a href=\"http://en.wikipedia.org/wiki/William_Tyndale#cite_note-4\">[4]</a></sup> Tyndale's translation was the first English Bible to draw directly from <a class=\"mw-redirect\" href=\"http://en.wikipedia.org/wiki/Hebrew\" title=\"Hebrew\">Hebrew</a> and <a href=\"http://en.wikipedia.org/wiki/Ancient_Greek\" title=\"Ancient Greek\">Greek</a> texts, the first English one to take advantage of the <a href=\"http://en.wikipedia.org/wiki/Printing_press\" title=\"Printing press\">printing press</a>, and first of the new English Bibles of the Reformation. It was taken to be a direct challenge to the hegemony of both the Roman Catholic Church and the laws of <a href=\"http://en.wikipedia.org/wiki/Kingdom_of_England\" title=\"Kingdom of England\">England</a> to maintain the church's position. In 1530, Tyndale also wrote <i>The Practyse of Prelates</i>, opposing <a class=\"mw-redirect\" href=\"http://en.wikipedia.org/wiki/Henry_VIII\" title=\"Henry VIII\">Henry VIII</a>'s divorce from <a href=\"http://en.wikipedia.org/wiki/Catherine_of_Aragon\" title=\"Catherine of Aragon\">Catherine of Aragon</a> on the grounds that it contravened Scripture.</p>\n<p>Reuchlin's Hebrew grammar was published in 1506. Tyndale worked in an age in which Greek was available to the European scholarly community for the first time in centuries. Erasmus compiled and edited Greek Scriptures into the <a href=\"http://en.wikipedia.org/wiki/Textus_Receptus\" title=\"Textus Receptus\">Textus Receptus</a>\u2014ironically, to improve upon the Latin <a href=\"http://en.wikipedia.org/wiki/Vulgate\" title=\"Vulgate\">Vulgate</a>\u2014following the <a class=\"mw-redirect\" href=\"http://en.wikipedia.org/wiki/Renaissance\" title=\"Renaissance\">Renaissance</a>-fueling <a href=\"http://en.wikipedia.org/wiki/Fall_of_Constantinople\" title=\"Fall of Constantinople\">Fall of Constantinople</a> in 1453 and the dispersion of Greek-speaking intellectuals and texts into a Europe which previously had access to none. When a copy of <i><a href=\"http://en.wikipedia.org/wiki/The_Obedience_of_a_Christian_Man\" title=\"The Obedience of a Christian Man\">The Obedience of a Christian Man</a></i> fell into the hands of <a class=\"mw-redirect\" href=\"http://en.wikipedia.org/wiki/Henry_VIII\" title=\"Henry VIII\">Henry VIII</a>, the king found the rationale to <a href=\"http://en.wikipedia.org/wiki/Church_of_England#Secession_from_Rome\" title=\"Church of England\">break the Church in England from the Roman Catholic Church</a> in 1534.<sup class=\"reference\" id=\"cite_ref-FOOTNOTEDaniellNoahc..E2.80.AF2004_5-0\"><a href=\"http://en.wikipedia.org/wiki/William_Tyndale#cite_note-FOOTNOTEDaniellNoahc..E2.80.AF2004-5\">[5]</a></sup><sup class=\"reference\" id=\"cite_ref-FOOTNOTEDaniell1994_6-0\"><a href=\"http://en.wikipedia.org/wiki/William_Tyndale#cite_note-FOOTNOTEDaniell1994-6\">[6]</a></sup><sup class=\"noprint Inline-Template\">[<i><a href=\"http://en.wikipedia.org/wiki/Wikipedia:Citing_sources\" title=\"Wikipedia:Citing sources\">page\u00a0needed</a></i>]</sup></p>\n<p>In 1535, Tyndale was arrested and jailed in the castle of <a href=\"http://en.wikipedia.org/wiki/Vilvoorde\" title=\"Vilvoorde\">Vilvoorde</a> (Filford) outside <a href=\"http://en.wikipedia.org/wiki/Brussels\" title=\"Brussels\">Brussels</a> for over a year. In 1536 he was convicted of <a href=\"http://en.wikipedia.org/wiki/Heresy\" title=\"Heresy\">heresy</a> and executed by strangulation, after which his body was burnt at the stake. His dying prayer that the King of England's eyes would be opened seemed to find its fulfillment just two years later with Henry's authorization of <a href=\"http://en.wikipedia.org/wiki/Great_Bible\" title=\"Great Bible\">The Great Bible</a> for the Church of England\u2014which was largely Tyndale's own work. Hence, the <a href=\"http://en.wikipedia.org/wiki/Tyndale_Bible\" title=\"Tyndale Bible\">Tyndale Bible</a>, as it was known, continued to play a key role in spreading <a class=\"mw-redirect\" href=\"http://en.wikipedia.org/wiki/Protestant_reformation\" title=\"Protestant reformation\">Reformation</a> ideas across the English-speaking world and, eventually, to the <a href=\"http://en.wikipedia.org/wiki/British_Empire\" title=\"British Empire\">British Empire</a>.</p>\n<p>In 1611, the 54 scholars who produced the <a class=\"mw-redirect\" href=\"http://en.wikipedia.org/wiki/King_James_Bible\" title=\"King James Bible\">King James Bible</a> drew significantly from Tyndale, as well as from translations that descended from his. One estimate suggests the <a href=\"http://en.wikipedia.org/wiki/New_Testament\" title=\"New Testament\">New Testament</a> in the King James Version is 83% Tyndale's and the <a href=\"http://en.wikipedia.org/wiki/Old_Testament\" title=\"Old Testament\">Old Testament</a> 76%.<sup class=\"reference\" id=\"cite_ref-tadmor_7-0\"><a href=\"http://en.wikipedia.org/wiki/William_Tyndale#cite_note-tadmor-7\">[7]</a></sup> With his translation of the Bible the first to be printed in English, and a model for subsequent English translations, in 2002, Tyndale was placed at number 26 in the BBC's poll of the <a href=\"http://en.wikipedia.org/wiki/100_Greatest_Britons\" title=\"100 Greatest Britons\">100 Greatest Britons</a>.<sup class=\"reference\" id=\"cite_ref-8\"><a href=\"http://en.wikipedia.org/wiki/William_Tyndale#cite_note-8\">[8]</a></sup><sup class=\"reference\" id=\"cite_ref-9\"><a href=\"http://en.wikipedia.org/wiki/William_Tyndale#cite_note-9\">[9]</a></sup></p>\n<p></p>\n<p><em>-from Wikipedia</em></p>"}, "model": "pages.richtextpage"}, {"pk": 21, "fields": {"content": "<p>Dear my Friends,</p>\n<p><br>\u00a0\u00a0\u00a0 Tyndale International University was established based upon Reformed Calvinism and faith based on conservative teaching. We are commissioned to foster and produce faithful and truthful leaders in our societies and churches. In this diversified generation, we can't speak enough of how crucial and significant education is.</p>\n<p><br>\u00a0\u00a0\u00a0 Education is a tool/instrument that helps us to realize, develop, and improve our individual talents that God has bestowed upon us. And the ultimate goal for the education is to become somebody who is needed and important. Additionally, we all have a privilege and right to be educated.</p>\n<p><br>\u00a0\u00a0\u00a0 Tyndale International University exists for that particular purpose and aim. This is an education that advances and moves forward from Christian mind to conservative Reformed Calvinism grounded on theology and faith derived from the Scriptures. I, this nation, and this generation will labor and toil as the lighthouse that shines the light in this world and as the salt that protects the world from deteriorating and decaying.</p>\n<p><br>\u00a0\u00a0\u00a0 Tyndale International University will eagerly assist and contribute to those who passionately longing for education but are unable to pursue their goals due to their jobs and/or environmental situations they are in. We plan to have night classes and other ways/methods to help them accomplish their dreams.</p>\n<p><br>\u00a0\u00a0\u00a0 ''Do your best to present yourself to God as one approved, a worker who has no need to be ashamed, rightly handling\u00a0 the word of truth.'' (2 Tim. 2:15).</p>\n<p><br><em>Sincerely,</em></p>"}, "model": "pages.richtextpage"}, {"pk": 20, "fields": {"content": "<p>Dear Student:</p>\n<p><br>\u00a0\u00a0\u00a0 As President of Tyndale International University, I greet you in the name of the Lord Jesus Christ. He is King of kings and Lord of lords, and in Him are found all the treasures of God. The Apostle Paul reminds us He must have the preeminence, and by Him all things consist. These truths have profound implications for education, since we know from the book of Proverbs that the fear of the Lord is the beginning of both knowledge and wisdom.</p>\n<p><br>\u00a0\u00a0\u00a0 At Tyndale International University, we seek to bring all thoughts captive to the Lordship of Christ. This educational approach is what is referred to as a Christian world-and-life view. Not every institution that identifies itself as Christian understands this perspective. What you will discover at Tyndale International University therefore is rare--an institution of higher learning that starts with the wisdom of God as recorded in His Word, the Bible, and which builds on that infallible foundation.</p>\n<p><br>\u00a0\u00a0\u00a0 We are far from perfect, of course, in our understanding and in our application of that knowledge. Nevertheless,<br>we are sincere in our endeavor. And we invite you to join us in this great enterprise.</p>\n<p><br><em>Sincerely,</em></p>"}, "model": "pages.richtextpage"}, {"pk": 19, "fields": {"content": "<p>staff</p>"}, "model": "pages.richtextpage"}, {"pk": 23, "fields": {"content": "<p>At Tyndale International University, we make a solemn declaration of faith on the basis of the Scriptures as follows:</p>\n<p><br>\u00a0\u00a0\u00a0 The Bible is the inerrant and divinely inspired word of God. There is one God, eternally existing and manifesting Himself to us in three Persons; the Father, the Son and the Holy Spirit.\u00a0 God, by His Word and for His glory, freely created the world in six days from nothing and created man, male and female, in His own image, to have fellowship with Him. The existence of the creation is not explainable apart from the roles of God as the sovereign Creator and Sustainer of the entire natural realm. Concepts such as theistic or threshold evolution do not adequately explain the wonder of God\u2019s creation.<br>\u00a0\u00a0\u00a0 Tempted by Satan, the whole human race fell in the fall of the first Adam. All men, until they accept the Lord Jesus as their personal Savior, are lost, darkened in their understanding, alienated from the life of God through the ignorance that is in them, hardened in heart, are are morally and spiritually dead through their trespasses and sins.\u00a0 They cannot see, nor enter the kingdom of God until they are born again of the Holy Spirit.\u00a0 The only Mediator between God and humankind is Jesus Christ our Lord, the eternal Son of God. Jesus Christ revealed His divine love and upheld divine justice through His death on the cross, in our place, revealing our guilt and reconciling us to God. All have sinned through Adam, but the gift of God is eternal life through Jesus Christ our Lord. Christ redeemed us from sin through His death on the cross. On the third day He rose bodily from the grave, victorious over death and power over darkness. He ascended to heaven where, at God's right hand, He intercedes for His people and rules as Lord overall.</p>\n<p><br>\u00a0\u00a0\u00a0 The true Church is composed of all such persons who through saving faith in Jesus Christ have been regenerated by the Holy Spirit and are united together in the body of Christ. The Holy Spirit is a Person, and is possessed of all the distinctively divine attributes. He is God.\u00a0 God's redemptive purpose will be consummated by the return of Christ to raise the dead, to judge all people according to the deeds done in the body and to establish His glorious kingdom. All those who receive Jesus Christ as their Savior and their Lord, and who confess Him as such, become children of God and receive eternal life, and become heirs of God. At death their spirits depart to be with Christ in conscious blessedness, and at the Second Coming of Christ their bodies shall be raised and transformed into glorious bodies. They shall live and reign with Him forever.<br>\u00a0\u00a0\u00a0 The wicked shall be separated from God's presence. All those who persistently reject Jesus Christ in the present life shall be raised from the dead and throughout eternity exist in the state of conscious, endless torment and anguish in hell. Satan, an evil being of cunningness, shall ultimately be cast into the lake of fire and brimstone and shall be tormented day and night forever.\u00a0 We believe in Westminster Confession of Faith and Heidelberg Catechismas being faithful and truthful to the teachings of the Bible, and as best representing the conventional Reformed faith.</p>\n<p><br>\u00a0\u00a0\u00a0 We denunciate liberalism and humanism, however, we believe that the faith rooted and centered on conservative faith that is derived from Calvinism\u2019s reformed faith and faith centered on the Bible will revive today\u2019s churches and will lead believers to their spiritual growth.</p>"}, "model": "pages.richtextpage"}, {"pk": 22, "fields": {"content": "<p><strong>\u00a0\u00a0\u00a0 Tyndale International University</strong> seeks to provide each student with the opportunity to mature in his experiential understanding of the substance of Christ's character and image while developing his cognitive and effective potential. It is to be a University where understanding and knowledge are generated and disseminated together with essential principles of their practical application in a contemporary world for lifelong ministry and the development of a foundation for lifelong learning and training.</p>\n<p>\u00a0\u00a0\u00a0 Tyndale International University seeks to impart to each student a high level of competency in his ability to study and present the Word of God to others. It is our goal to produce individuals who are able to bring enlightened solutions to the problems, which are faced by both a church and the secular world.</p>\n<p><br><em><strong>\u00a0\u00a0\u00a0 Purpose and Objectives</strong></em></p>\n<ol>\n<li>Ministers with a Christian worldview point who are willing and capable of effective communication.</li>\n<li>Ministers who can demonstrate a solid background of Biblical knowledge and Christian theological background.</li>\n<li>Ministers who understand the nature of human life and its spiritual needs.</li>\n<li>Ministers who can develop and implement ministries to families and other groups within the church setting.</li>\n<li>Reliable family ministers, with expertise in marriage and family matters, which have concrete faith in God.</li>\n<li>Professional ministers who can efficiently cope with life crises within a church and/or ministry setting.</li>\n</ol>\n<p>\u00a0\u00a0\u00a0 *Tyndale International University admits students from other countries; however, visa services are not provided and the University does not vouch for student status, or associated charges.<br>\u00a0\u00a0\u00a0\u00a0 Tyndale International University is also unique in that it seeks to allow a broad range of theological spectrums within a reformed tradition. Students are free to choose elective courses that are in keeping with their personal viewpoint and expression.</p>"}, "model": "pages.richtextpage"}, {"pk": 15, "fields": {"content": "<p><strong>Student Records</strong></p>\n<p><br>\u00a0\u00a0\u00a0 The Family Educational Rights and Privacy Act of 1974 as amended govern the release of information from the student\u2019s permanent record. Federal law provides for the release of information to Tyndale International University personnel who have a legitimate educational interest or to certain government officials.<br>The student's academic file is the sole property of Tyndale International University, and student records are confidential. The University policy is to maintain the confidentiality of student academic records. The University will not release copies of documents of course work from other institutions attended. No one outside of the institution shall have access to, nor will the University disclose, any information from a student's academic records without the written consent of the student, except for the following: officials of other istitutions in which the student seeks to enroll, persons or organizations providing student financial aid, and accrediting agencies.\u00a0 Furthermore, the University may disclose said information in compliance with a judicial order.</p>\n<p></p>\n<p></p>\n<p><strong>Student files will be kept for 5 years and transcripts will be kept indefinitely.</strong></p>\n<p><br>\u00a0\u00a0\u00a0 Students have the right to inspect their own academic records during normal business hours. All requests for access to academic records shall be presented in writing to the Registrar's office. Students who believe that their academic records contain inaccurate or misleading information may discuss their concerns informally with the Registrar as well.</p>"}, "model": "pages.richtextpage"}, {"pk": 24, "fields": {"content": "<p>Academic Programs</p>"}, "model": "pages.richtextpage"}, {"pk": 18, "fields": {"content": "<p>Academic Calendar</p>"}, "model": "pages.richtextpage"}, {"pk": 16, "fields": {"content": "<h2>Description of Courses</h2>"}, "model": "pages.richtextpage"}, {"pk": 17, "fields": {"content": "<p>Faculty</p>"}, "model": "pages.richtextpage"}, {"pk": 14, "fields": {"content": "<p>\u00a0\u00a0\u00a0 Admission decisions are based upon both objective and subjective criteria. An applicant's previous academic record is an important predictor of his/her ability to succeed at the masters and doctoral level. Personal and/or professional letters of recommendation are included in the admission process for entrance into the programs.<br>Finally, a personal interview with a college administrator is required of all applicants. The University admits students of any race, color, creed, and sex, regardless of national or ethnic origin or physical handicap. Students must understand that Tyndale International University is a Christian University that provides training from a decidedly Reformed Christian worldview.<br>* Tyndale International University does not grant I-20's nor is approved to grant I-20's to foreign students.</p>\n<p></p>\n<p><strong>Application Procedures</strong></p>\n<p><br>\u00a0\u00a0\u00a0 Admission is granted to applicants who demonstrate the ability to undertake successfully study and research at the<br>undergraduate or the graduate level. Admission is granted to students who meet the following requirements:</p>\n<p><br><strong>Admission Process</strong></p>\n<p><br>\u00a0\u00a0\u00a0 Students must contact the admissions office and obtain an application packet. The packet will contain the required<br>application and forms needed for submission. The student must also contact all relevant institutions for submission of transcripts attesting to his academic qualifications from undergraduate institutions for master degree admission. The student must insure that all required scores are submitted to the institution attesting to Assessment, if applicable. It is the student's responsibility to insure that all documents and forms are submitted to the admissions office. Once the university receives all required documents and forms, the student's application file will be deemed complete and a decision by the Admission Committee will be made concerning the student's admission to the school. Admission decisions will be made within 30 days of receiving all required documentation.<br>\u00a0\u00a0\u00a0 Students will not be admitted to the school without the required documentation submitted and registration fees<br>paid. Admission is granted for a period of one year. If an applicant does not accept his admission or fails to matriculate after one year acceptance, the applicant will need to go through the admission process again as a new student. This will mean that the applicant must submit a new non-refundable registration fee and an application and all required documents, forms and information required for admission to their selected program. Previous admission does not guarantee readmission. Admission requirements per program are as follows:</p>\n<p></p>\n<p><strong>1. Certificate Program Admission Requirements:</strong></p>\n<p>\u00a0\u00a0\u00a0\u00a0 In order to be admitted into the institution's Certificate program, the student must:</p>\n<ol>\n<li>Provide the institution with a completed application with a recent photo affixed.</li>\n<li>Submit proof of completion of a high school education, G.E.D. or equivalent education. Proof can be made by submission of official copies of transcripts of a high school diploma, G.E.D. or other equivalent high school completion. High School course work must evidence a G.P.A. of 2.0 or G.E.D. of satisfactory completion. Students who do not have a traditional high school education may be required to take an independently administered entrance test given by the school to determine adequate skills for entrance.</li>\n<li>Submission of a statement of Christian faith along with two letters of recommendation attesting to his Christian maturity and character.</li>\n<li>Submit a non-refundable application fee of $100.</li>\n</ol>\n<p>\u00a0\u00a0\u00a0\u00a0\u00a0 Admission will be done by reviewing all factors as a whole, not on one indicator only. Review will be finalized by\u00a0 the\u00a0\u00a0\u00a0 \u00a0\u00a0 \u00a0\u00a0 Admission Committee.</p>\n<p></p>\n<p><strong>2. Bachelor Degree Program Admission Requirements:</strong></p>\n<p>\u00a0\u00a0\u00a0 In order to be admitted into the institution's Bachelor degree program, the student must:</p>\n<ol>\n<li>Provide the institution with a completed application with a recent photo affixed.</li>\n<li>Submit proof of completion of a high school education, G.E.D. or equivalent education. Proof can be made by submission of official copies of transcripts of a high school diploma, G.E.D. or other equivalent high school completion. High School course work must evidence a G.P.A. of 2.0 or G.E.D. of satisfactory completion. Students who do not have a traditional high school education may be required to take an independently administered entrance test given by the school to determine adequate skills for entrance into the university.</li>\n<li>Submission of a statement of Christian faith along with two letters of recommendation attesting to hisChristian maturity and character.</li>\n<li>Submit a non-refundable application fee of $100.</li>\n</ol>\n<p>\u00a0\u00a0\u00a0\u00a0\u00a0 Admission will be done by reviewing all factors as a whole, not on one indicator only. Review will be finalized by the Admission Committee.</p>\n<p></p>\n<p><strong>3. Master Degree Programs Admission Requirements:</strong></p>\n<p>\u00a0\u00a0\u00a0 In order to be admitted into the institution's Master degree programs, the student must:</p>\n<ol>\n<li>Provide the institution with a completed application with a recent photo affixed.</li>\n<li>Demonstrate that he has completed a bachelor degree with a minimum grade average of 2.0 in all course work. Bachelor degrees must be earned from either colleges or universities that have been approved by an appropriate state agency. Bachelor degrees earned from institutions outside the U.S. will be evaluated using standards published by the American Association of Collegiate Registrars and Admissions officers for equivalency. Proof will be evidenced by submission of official copies of transcripts of all undergraduate work completed.</li>\n<li>Submit a statement of Christian faith along with two letters of recommendation attesting to his Christian maturity character.</li>\n<li>Submit a statement of around 200 words outlining his career and ministry objectives and how the attainment of the degree will facilitate these goals.</li>\n<li>Submit a non-refundable application fee of $100.</li>\n</ol>\n<p>\u00a0\u00a0\u00a0\u00a0\u00a0 Admission will be done by reviewing all factors as a whole, not on one indicator only. Review will be finalized by the Admission Committee.</p>\n<p></p>\n<p><strong>4. Doctor Degree Programs Admission Requirements:</strong></p>\n<p>\u00a0\u00a0\u00a0 In order to be admitted into the institution's Doctor degree programs, the student must:</p>\n<ol>\n<li>Provide the institution with a completed application with a recent photo affixed.</li>\n<li>Demonstrate that he has completed a bachelor and M.Div. or equivalent degreewith a minimum grade average of 3.0 in all course work. Bachelor and Master degrees must be earned from either colleges or universities that have been approved by an appropriate state agency. Bachelor and Master degrees earned from institutions outside the U.S. will be evaluated using standards published by the American Association of Collegiate Registrars and Admissions officers for equivalency. Proof will be evidenced by submission of official copies of transcripts of all undergraduate work completed.</li>\n<li>Submit a statement of Christian faith along with two letters of recommendation attesting to his Christian maturity character.</li>\n<li>Submit a statement of around 200 words outlining their career and ministry objectives and how the attainment of the degree will facilitate these goals.</li>\n<li>Submit a non-refundable application fee of $100.</li>\n</ol>\n<p>\u00a0\u00a0\u00a0\u00a0\u00a0 Admission will be done by reviewing all factors as a whole, not on one indicator only. Review will be finalized by the\u00a0\u00a0\u00a0\u00a0 Admission Committee.</p>"}, "model": "pages.richtextpage"}, {"pk": 10, "fields": {"content": "<h1>This is Tyndale International University Homepage...</h1>"}, "model": "pages.richtextpage"}, {"pk": 1, "fields": {"type": "search", "value": "from:stephen_mcd mezzanine", "interested": true}, "model": "twitter.query"}, {"pk": 1, "fields": {"remote_id": "593238618866524162", "user_name": "hirokiky", "created_at": "2015-04-29T01:14:57Z", "retweeter_user_name": "stephen_mcd", "text": "djangoproject.jp\u3067\u306fMezzanine\u3068\u3044\u3046CMS\u3092\u4f7f\u3063\u3066\u3044\u307e\u3059 <a href=\"http://t.co/g0qv4rfWga\">http://t.co/g0qv4rfWga</a> <a href=\"http://t.co/4afZB89OyJ\">http://t.co/4afZB89OyJ</a> <a href=\"http://twitter.com/search?q=%23djangoja\">#djangoja</a>", "retweeter_profile_image_url": "http://pbs.twimg.com/profile_images/591915345264283648/nxrtn_Up_normal.jpg", "full_name": "Hiroki KIYOHARA", "profile_image_url": "http://pbs.twimg.com/profile_images/418144003461087232/J2jK9wqq_normal.jpeg", "retweeter_full_name": "Stephen McDonald", "query": 1}, "model": "twitter.tweet"}, {"pk": 1, "fields": {"migration": "0001_initial", "app_name": "conf", "applied": "2015-05-01T22:56:05.567Z"}, "model": "south.migrationhistory"}, {"pk": 2, "fields": {"migration": "0002_auto__add_field_setting_site", "app_name": "conf", "applied": "2015-05-01T22:56:05.584Z"}, "model": "south.migrationhistory"}, {"pk": 3, "fields": {"migration": "0003_update_site_setting", "app_name": "conf", "applied": "2015-05-01T22:56:05.609Z"}, "model": "south.migrationhistory"}, {"pk": 4, "fields": {"migration": "0004_ssl_account_settings_rename", "app_name": "conf", "applied": "2015-05-01T22:56:05.628Z"}, "model": "south.migrationhistory"}, {"pk": 5, "fields": {"migration": "0001_initial", "app_name": "core", "applied": "2015-05-01T22:56:05.693Z"}, "model": "south.migrationhistory"}, {"pk": 6, "fields": {"migration": "0001_initial", "app_name": "pages", "applied": "2015-05-01T22:56:05.713Z"}, "model": "south.migrationhistory"}, {"pk": 7, "fields": {"migration": "0002_auto__del_field_page__keywords__add_field_page_keywords_string__chg_fi", "app_name": "pages", "applied": "2015-05-01T22:56:05.733Z"}, "model": "south.migrationhistory"}, {"pk": 8, "fields": {"migration": "0001_initial", "app_name": "blog", "applied": "2015-05-01T22:56:05.752Z"}, "model": "south.migrationhistory"}, {"pk": 9, "fields": {"migration": "0002_auto", "app_name": "blog", "applied": "2015-05-01T22:56:05.766Z"}, "model": "south.migrationhistory"}, {"pk": 10, "fields": {"migration": "0003_categories", "app_name": "blog", "applied": "2015-05-01T22:56:05.780Z"}, "model": "south.migrationhistory"}, {"pk": 11, "fields": {"migration": "0004_auto__del_field_blogpost_category", "app_name": "blog", "applied": "2015-05-01T22:56:05.793Z"}, "model": "south.migrationhistory"}, {"pk": 12, "fields": {"migration": "0005_auto__del_comment__add_field_blogpost_comments_count__chg_field_blogpo", "app_name": "blog", "applied": "2015-05-01T22:56:05.807Z"}, "model": "south.migrationhistory"}, {"pk": 13, "fields": {"migration": "0006_auto__del_field_blogpost__keywords__add_field_blogpost_keywords_string", "app_name": "blog", "applied": "2015-05-01T22:56:05.821Z"}, "model": "south.migrationhistory"}, {"pk": 14, "fields": {"migration": "0002_auto__del_keyword", "app_name": "core", "applied": "2015-05-01T22:56:05.835Z"}, "model": "south.migrationhistory"}, {"pk": 15, "fields": {"migration": "0003_auto__add_sitepermission", "app_name": "core", "applied": "2015-05-01T22:56:05.862Z"}, "model": "south.migrationhistory"}, {"pk": 16, "fields": {"migration": "0004_set_site_permissions", "app_name": "core", "applied": "2015-05-01T22:56:05.882Z"}, "model": "south.migrationhistory"}, {"pk": 17, "fields": {"migration": "0005_auto__chg_field_sitepermission_user__del_unique_sitepermission_user", "app_name": "core", "applied": "2015-05-01T22:56:05.895Z"}, "model": "south.migrationhistory"}, {"pk": 18, "fields": {"migration": "0006_auto__add_unique_sitepermission_user", "app_name": "core", "applied": "2015-05-01T22:56:05.918Z"}, "model": "south.migrationhistory"}, {"pk": 19, "fields": {"migration": "0001_initial", "app_name": "generic", "applied": "2015-05-01T22:56:05.961Z"}, "model": "south.migrationhistory"}, {"pk": 20, "fields": {"migration": "0002_auto__add_keyword__add_assignedkeyword", "app_name": "generic", "applied": "2015-05-01T22:56:05.975Z"}, "model": "south.migrationhistory"}, {"pk": 21, "fields": {"migration": "0003_auto__add_rating", "app_name": "generic", "applied": "2015-05-01T22:56:05.988Z"}, "model": "south.migrationhistory"}, {"pk": 22, "fields": {"migration": "0004_auto__chg_field_rating_object_pk__chg_field_assignedkeyword_object_pk", "app_name": "generic", "applied": "2015-05-01T22:56:06.013Z"}, "model": "south.migrationhistory"}, {"pk": 23, "fields": {"migration": "0005_keyword_site", "app_name": "generic", "applied": "2015-05-01T22:56:06.027Z"}, "model": "south.migrationhistory"}, {"pk": 24, "fields": {"migration": "0006_move_keywords", "app_name": "generic", "applied": "2015-05-01T22:56:06.041Z"}, "model": "south.migrationhistory"}, {"pk": 25, "fields": {"migration": "0007_auto__add_field_assignedkeyword__order", "app_name": "generic", "applied": "2015-05-01T22:56:06.055Z"}, "model": "south.migrationhistory"}, {"pk": 26, "fields": {"migration": "0008_set_keyword_order", "app_name": "generic", "applied": "2015-05-01T22:56:06.069Z"}, "model": "south.migrationhistory"}, {"pk": 27, "fields": {"migration": "0009_auto__chg_field_keyword_title__chg_field_keyword_slug", "app_name": "generic", "applied": "2015-05-01T22:56:06.084Z"}, "model": "south.migrationhistory"}, {"pk": 28, "fields": {"migration": "0009_auto__del_field_threadedcomment_email_hash", "app_name": "generic", "applied": "2015-05-01T22:56:06.103Z"}, "model": "south.migrationhistory"}, {"pk": 29, "fields": {"migration": "0010_auto__chg_field_keyword_slug__chg_field_keyword_title", "app_name": "generic", "applied": "2015-05-01T22:56:06.124Z"}, "model": "south.migrationhistory"}, {"pk": 30, "fields": {"migration": "0011_auto__add_field_threadedcomment_rating_count__add_field_threadedcommen", "app_name": "generic", "applied": "2015-05-01T22:56:06.138Z"}, "model": "south.migrationhistory"}, {"pk": 31, "fields": {"migration": "0012_auto__add_field_rating_rating_date", "app_name": "generic", "applied": "2015-05-01T22:56:06.151Z"}, "model": "south.migrationhistory"}, {"pk": 32, "fields": {"migration": "0013_auto__add_field_threadedcomment_rating_sum", "app_name": "generic", "applied": "2015-05-01T22:56:06.165Z"}, "model": "south.migrationhistory"}, {"pk": 33, "fields": {"migration": "0014_auto__add_field_rating_user", "app_name": "generic", "applied": "2015-05-01T22:56:06.179Z"}, "model": "south.migrationhistory"}, {"pk": 34, "fields": {"migration": "0007_auto__add_field_blogpost_site", "app_name": "blog", "applied": "2015-05-01T22:56:06.232Z"}, "model": "south.migrationhistory"}, {"pk": 35, "fields": {"migration": "0008_auto__add_field_blogpost_rating_average__add_field_blogpost_rating_cou", "app_name": "blog", "applied": "2015-05-01T22:56:06.247Z"}, "model": "south.migrationhistory"}, {"pk": 36, "fields": {"migration": "0009_auto__chg_field_blogpost_content", "app_name": "blog", "applied": "2015-05-01T22:56:06.267Z"}, "model": "south.migrationhistory"}, {"pk": 37, "fields": {"migration": "0010_category_site_allow_comments", "app_name": "blog", "applied": "2015-05-01T22:56:06.295Z"}, "model": "south.migrationhistory"}, {"pk": 38, "fields": {"migration": "0011_comment_site_data", "app_name": "blog", "applied": "2015-05-01T22:56:06.309Z"}, "model": "south.migrationhistory"}, {"pk": 39, "fields": {"migration": "0012_auto__add_field_blogpost_featured_image", "app_name": "blog", "applied": "2015-05-01T22:56:06.325Z"}, "model": "south.migrationhistory"}, {"pk": 40, "fields": {"migration": "0013_auto__chg_field_blogpost_featured_image", "app_name": "blog", "applied": "2015-05-01T22:56:06.351Z"}, "model": "south.migrationhistory"}, {"pk": 41, "fields": {"migration": "0014_auto__add_field_blogpost_gen_description", "app_name": "blog", "applied": "2015-05-01T22:56:06.366Z"}, "model": "south.migrationhistory"}, {"pk": 42, "fields": {"migration": "0015_auto__chg_field_blogcategory_title__chg_field_blogcategory_slug__chg_f", "app_name": "blog", "applied": "2015-05-01T22:56:06.380Z"}, "model": "south.migrationhistory"}, {"pk": 43, "fields": {"migration": "0016_add_field_blogpost__meta_title", "app_name": "blog", "applied": "2015-05-01T22:56:06.395Z"}, "model": "south.migrationhistory"}, {"pk": 44, "fields": {"migration": "0017_add_field_blogpost__related_posts", "app_name": "blog", "applied": "2015-05-01T22:56:06.408Z"}, "model": "south.migrationhistory"}, {"pk": 45, "fields": {"migration": "0018_auto__add_field_blogpost_in_sitemap", "app_name": "blog", "applied": "2015-05-01T22:56:06.422Z"}, "model": "south.migrationhistory"}, {"pk": 46, "fields": {"migration": "0019_auto__add_field_blogpost_rating_sum", "app_name": "blog", "applied": "2015-05-01T22:56:06.437Z"}, "model": "south.migrationhistory"}, {"pk": 47, "fields": {"migration": "0020_auto__add_field_blogpost_created__add_field_blogpost_updated", "app_name": "blog", "applied": "2015-05-01T22:56:06.455Z"}, "model": "south.migrationhistory"}, {"pk": 48, "fields": {"migration": "0001_initial", "app_name": "forms", "applied": "2015-05-01T22:56:06.520Z"}, "model": "south.migrationhistory"}, {"pk": 49, "fields": {"migration": "0002_auto__add_field_field_placeholder_text", "app_name": "forms", "applied": "2015-05-01T22:56:06.535Z"}, "model": "south.migrationhistory"}, {"pk": 50, "fields": {"migration": "0003_auto__chg_field_field_field_type", "app_name": "forms", "applied": "2015-05-01T22:56:06.556Z"}, "model": "south.migrationhistory"}, {"pk": 51, "fields": {"migration": "0004_auto__chg_field_form_response__chg_field_form_content", "app_name": "forms", "applied": "2015-05-01T22:56:06.569Z"}, "model": "south.migrationhistory"}, {"pk": 52, "fields": {"migration": "0005_auto__chg_field_fieldentry_value", "app_name": "forms", "applied": "2015-05-01T22:56:06.584Z"}, "model": "south.migrationhistory"}, {"pk": 53, "fields": {"migration": "0003_auto__add_field_page_site", "app_name": "pages", "applied": "2015-05-01T22:56:06.691Z"}, "model": "south.migrationhistory"}, {"pk": 54, "fields": {"migration": "0004_auto__del_contentpage__add_richtextpage", "app_name": "pages", "applied": "2015-05-01T22:56:06.705Z"}, "model": "south.migrationhistory"}, {"pk": 55, "fields": {"migration": "0005_rename_contentpage", "app_name": "pages", "applied": "2015-05-01T22:56:06.719Z"}, "model": "south.migrationhistory"}, {"pk": 56, "fields": {"migration": "0006_auto__add_field_page_gen_description", "app_name": "pages", "applied": "2015-05-01T22:56:06.739Z"}, "model": "south.migrationhistory"}, {"pk": 57, "fields": {"migration": "0007_auto__chg_field_page_slug__chg_field_page_title", "app_name": "pages", "applied": "2015-05-01T22:56:06.759Z"}, "model": "south.migrationhistory"}, {"pk": 58, "fields": {"migration": "0008_auto__add_link", "app_name": "pages", "applied": "2015-05-01T22:56:06.785Z"}, "model": "south.migrationhistory"}, {"pk": 59, "fields": {"migration": "0009_add_field_page_in_menus", "app_name": "pages", "applied": "2015-05-01T22:56:06.799Z"}, "model": "south.migrationhistory"}, {"pk": 60, "fields": {"migration": "0010_set_menus", "app_name": "pages", "applied": "2015-05-01T22:56:06.812Z"}, "model": "south.migrationhistory"}, {"pk": 61, "fields": {"migration": "0011_delete_nav_flags", "app_name": "pages", "applied": "2015-05-01T22:56:06.826Z"}, "model": "south.migrationhistory"}, {"pk": 62, "fields": {"migration": "0012_add_field_page__meta_title", "app_name": "pages", "applied": "2015-05-01T22:56:06.839Z"}, "model": "south.migrationhistory"}, {"pk": 63, "fields": {"migration": "0013_auto__add_field_page_in_sitemap", "app_name": "pages", "applied": "2015-05-01T22:56:06.855Z"}, "model": "south.migrationhistory"}, {"pk": 64, "fields": {"migration": "0014_auto__add_field_page_created__add_field_page_updated", "app_name": "pages", "applied": "2015-05-01T22:56:06.882Z"}, "model": "south.migrationhistory"}, {"pk": 65, "fields": {"migration": "0001_initial", "app_name": "galleries", "applied": "2015-05-01T22:56:06.943Z"}, "model": "south.migrationhistory"}, {"pk": 66, "fields": {"migration": "0001_initial", "app_name": "twitter", "applied": "2015-05-01T22:56:06.987Z"}, "model": "south.migrationhistory"}, {"pk": 67, "fields": {"migration": "0002_auto__chg_field_query_value", "app_name": "twitter", "applied": "2015-05-01T22:56:07.002Z"}, "model": "south.migrationhistory"}, {"pk": 68, "fields": {"migration": "0001_initial", "app_name": "main", "applied": "2015-05-16T23:50:29.248Z"}, "model": "south.migrationhistory"}, {"pk": 1, "fields": {"content_type": 1, "name": "Can add permission", "codename": "add_permission"}, "model": "auth.permission"}, {"pk": 2, "fields": {"content_type": 1, "name": "Can change permission", "codename": "change_permission"}, "model": "auth.permission"}, {"pk": 3, "fields": {"content_type": 1, "name": "Can delete permission", "codename": "delete_permission"}, "model": "auth.permission"}, {"pk": 4, "fields": {"content_type": 2, "name": "Can add group", "codename": "add_group"}, "model": "auth.permission"}, {"pk": 5, "fields": {"content_type": 2, "name": "Can change group", "codename": "change_group"}, "model": "auth.permission"}, {"pk": 6, "fields": {"content_type": 2, "name": "Can delete group", "codename": "delete_group"}, "model": "auth.permission"}, {"pk": 7, "fields": {"content_type": 3, "name": "Can add user", "codename": "add_user"}, "model": "auth.permission"}, {"pk": 8, "fields": {"content_type": 3, "name": "Can change user", "codename": "change_user"}, "model": "auth.permission"}, {"pk": 9, "fields": {"content_type": 3, "name": "Can delete user", "codename": "delete_user"}, "model": "auth.permission"}, {"pk": 10, "fields": {"content_type": 4, "name": "Can add content type", "codename": "add_contenttype"}, "model": "auth.permission"}, {"pk": 11, "fields": {"content_type": 4, "name": "Can change content type", "codename": "change_contenttype"}, "model": "auth.permission"}, {"pk": 12, "fields": {"content_type": 4, "name": "Can delete content type", "codename": "delete_contenttype"}, "model": "auth.permission"}, {"pk": 13, "fields": {"content_type": 5, "name": "Can add redirect", "codename": "add_redirect"}, "model": "auth.permission"}, {"pk": 14, "fields": {"content_type": 5, "name": "Can change redirect", "codename": "change_redirect"}, "model": "auth.permission"}, {"pk": 15, "fields": {"content_type": 5, "name": "Can delete redirect", "codename": "delete_redirect"}, "model": "auth.permission"}, {"pk": 16, "fields": {"content_type": 6, "name": "Can add session", "codename": "add_session"}, "model": "auth.permission"}, {"pk": 17, "fields": {"content_type": 6, "name": "Can change session", "codename": "change_session"}, "model": "auth.permission"}, {"pk": 18, "fields": {"content_type": 6, "name": "Can delete session", "codename": "delete_session"}, "model": "auth.permission"}, {"pk": 19, "fields": {"content_type": 7, "name": "Can add site", "codename": "add_site"}, "model": "auth.permission"}, {"pk": 20, "fields": {"content_type": 7, "name": "Can change site", "codename": "change_site"}, "model": "auth.permission"}, {"pk": 21, "fields": {"content_type": 7, "name": "Can delete site", "codename": "delete_site"}, "model": "auth.permission"}, {"pk": 22, "fields": {"content_type": 8, "name": "Can add Setting", "codename": "add_setting"}, "model": "auth.permission"}, {"pk": 23, "fields": {"content_type": 8, "name": "Can change Setting", "codename": "change_setting"}, "model": "auth.permission"}, {"pk": 24, "fields": {"content_type": 8, "name": "Can delete Setting", "codename": "delete_setting"}, "model": "auth.permission"}, {"pk": 25, "fields": {"content_type": 9, "name": "Can add Site permission", "codename": "add_sitepermission"}, "model": "auth.permission"}, {"pk": 26, "fields": {"content_type": 9, "name": "Can change Site permission", "codename": "change_sitepermission"}, "model": "auth.permission"}, {"pk": 27, "fields": {"content_type": 9, "name": "Can delete Site permission", "codename": "delete_sitepermission"}, "model": "auth.permission"}, {"pk": 28, "fields": {"content_type": 10, "name": "Can add Comment", "codename": "add_threadedcomment"}, "model": "auth.permission"}, {"pk": 29, "fields": {"content_type": 10, "name": "Can change Comment", "codename": "change_threadedcomment"}, "model": "auth.permission"}, {"pk": 30, "fields": {"content_type": 10, "name": "Can delete Comment", "codename": "delete_threadedcomment"}, "model": "auth.permission"}, {"pk": 31, "fields": {"content_type": 11, "name": "Can add Keyword", "codename": "add_keyword"}, "model": "auth.permission"}, {"pk": 32, "fields": {"content_type": 11, "name": "Can change Keyword", "codename": "change_keyword"}, "model": "auth.permission"}, {"pk": 33, "fields": {"content_type": 11, "name": "Can delete Keyword", "codename": "delete_keyword"}, "model": "auth.permission"}, {"pk": 34, "fields": {"content_type": 12, "name": "Can add assigned keyword", "codename": "add_assignedkeyword"}, "model": "auth.permission"}, {"pk": 35, "fields": {"content_type": 12, "name": "Can change assigned keyword", "codename": "change_assignedkeyword"}, "model": "auth.permission"}, {"pk": 36, "fields": {"content_type": 12, "name": "Can delete assigned keyword", "codename": "delete_assignedkeyword"}, "model": "auth.permission"}, {"pk": 37, "fields": {"content_type": 13, "name": "Can add Rating", "codename": "add_rating"}, "model": "auth.permission"}, {"pk": 38, "fields": {"content_type": 13, "name": "Can change Rating", "codename": "change_rating"}, "model": "auth.permission"}, {"pk": 39, "fields": {"content_type": 13, "name": "Can delete Rating", "codename": "delete_rating"}, "model": "auth.permission"}, {"pk": 40, "fields": {"content_type": 14, "name": "Can add Blog post", "codename": "add_blogpost"}, "model": "auth.permission"}, {"pk": 41, "fields": {"content_type": 14, "name": "Can change Blog post", "codename": "change_blogpost"}, "model": "auth.permission"}, {"pk": 42, "fields": {"content_type": 14, "name": "Can delete Blog post", "codename": "delete_blogpost"}, "model": "auth.permission"}, {"pk": 43, "fields": {"content_type": 15, "name": "Can add Blog Category", "codename": "add_blogcategory"}, "model": "auth.permission"}, {"pk": 44, "fields": {"content_type": 15, "name": "Can change Blog Category", "codename": "change_blogcategory"}, "model": "auth.permission"}, {"pk": 45, "fields": {"content_type": 15, "name": "Can delete Blog Category", "codename": "delete_blogcategory"}, "model": "auth.permission"}, {"pk": 46, "fields": {"content_type": 16, "name": "Can add Form", "codename": "add_form"}, "model": "auth.permission"}, {"pk": 47, "fields": {"content_type": 16, "name": "Can change Form", "codename": "change_form"}, "model": "auth.permission"}, {"pk": 48, "fields": {"content_type": 16, "name": "Can delete Form", "codename": "delete_form"}, "model": "auth.permission"}, {"pk": 49, "fields": {"content_type": 17, "name": "Can add Field", "codename": "add_field"}, "model": "auth.permission"}, {"pk": 50, "fields": {"content_type": 17, "name": "Can change Field", "codename": "change_field"}, "model": "auth.permission"}, {"pk": 51, "fields": {"content_type": 17, "name": "Can delete Field", "codename": "delete_field"}, "model": "auth.permission"}, {"pk": 52, "fields": {"content_type": 18, "name": "Can add Form entry", "codename": "add_formentry"}, "model": "auth.permission"}, {"pk": 53, "fields": {"content_type": 18, "name": "Can change Form entry", "codename": "change_formentry"}, "model": "auth.permission"}, {"pk": 54, "fields": {"content_type": 18, "name": "Can delete Form entry", "codename": "delete_formentry"}, "model": "auth.permission"}, {"pk": 55, "fields": {"content_type": 19, "name": "Can add Form field entry", "codename": "add_fieldentry"}, "model": "auth.permission"}, {"pk": 56, "fields": {"content_type": 19, "name": "Can change Form field entry", "codename": "change_fieldentry"}, "model": "auth.permission"}, {"pk": 57, "fields": {"content_type": 19, "name": "Can delete Form field entry", "codename": "delete_fieldentry"}, "model": "auth.permission"}, {"pk": 58, "fields": {"content_type": 20, "name": "Can add Page", "codename": "add_page"}, "model": "auth.permission"}, {"pk": 59, "fields": {"content_type": 20, "name": "Can change Page", "codename": "change_page"}, "model": "auth.permission"}, {"pk": 60, "fields": {"content_type": 20, "name": "Can delete Page", "codename": "delete_page"}, "model": "auth.permission"}, {"pk": 61, "fields": {"content_type": 21, "name": "Can add Rich text page", "codename": "add_richtextpage"}, "model": "auth.permission"}, {"pk": 62, "fields": {"content_type": 21, "name": "Can change Rich text page", "codename": "change_richtextpage"}, "model": "auth.permission"}, {"pk": 63, "fields": {"content_type": 21, "name": "Can delete Rich text page", "codename": "delete_richtextpage"}, "model": "auth.permission"}, {"pk": 64, "fields": {"content_type": 22, "name": "Can add Link", "codename": "add_link"}, "model": "auth.permission"}, {"pk": 65, "fields": {"content_type": 22, "name": "Can change Link", "codename": "change_link"}, "model": "auth.permission"}, {"pk": 66, "fields": {"content_type": 22, "name": "Can delete Link", "codename": "delete_link"}, "model": "auth.permission"}, {"pk": 67, "fields": {"content_type": 23, "name": "Can add Gallery", "codename": "add_gallery"}, "model": "auth.permission"}, {"pk": 68, "fields": {"content_type": 23, "name": "Can change Gallery", "codename": "change_gallery"}, "model": "auth.permission"}, {"pk": 69, "fields": {"content_type": 23, "name": "Can delete Gallery", "codename": "delete_gallery"}, "model": "auth.permission"}, {"pk": 70, "fields": {"content_type": 24, "name": "Can add Image", "codename": "add_galleryimage"}, "model": "auth.permission"}, {"pk": 71, "fields": {"content_type": 24, "name": "Can change Image", "codename": "change_galleryimage"}, "model": "auth.permission"}, {"pk": 72, "fields": {"content_type": 24, "name": "Can delete Image", "codename": "delete_galleryimage"}, "model": "auth.permission"}, {"pk": 73, "fields": {"content_type": 25, "name": "Can add Twitter query", "codename": "add_query"}, "model": "auth.permission"}, {"pk": 74, "fields": {"content_type": 25, "name": "Can change Twitter query", "codename": "change_query"}, "model": "auth.permission"}, {"pk": 75, "fields": {"content_type": 25, "name": "Can delete Twitter query", "codename": "delete_query"}, "model": "auth.permission"}, {"pk": 76, "fields": {"content_type": 26, "name": "Can add Tweet", "codename": "add_tweet"}, "model": "auth.permission"}, {"pk": 77, "fields": {"content_type": 26, "name": "Can change Tweet", "codename": "change_tweet"}, "model": "auth.permission"}, {"pk": 78, "fields": {"content_type": 26, "name": "Can delete Tweet", "codename": "delete_tweet"}, "model": "auth.permission"}, {"pk": 79, "fields": {"content_type": 27, "name": "Can add migration history", "codename": "add_migrationhistory"}, "model": "auth.permission"}, {"pk": 80, "fields": {"content_type": 27, "name": "Can change migration history", "codename": "change_migrationhistory"}, "model": "auth.permission"}, {"pk": 81, "fields": {"content_type": 27, "name": "Can delete migration history", "codename": "delete_migrationhistory"}, "model": "auth.permission"}, {"pk": 82, "fields": {"content_type": 28, "name": "Can add log entry", "codename": "add_logentry"}, "model": "auth.permission"}, {"pk": 83, "fields": {"content_type": 28, "name": "Can change log entry", "codename": "change_logentry"}, "model": "auth.permission"}, {"pk": 84, "fields": {"content_type": 28, "name": "Can delete log entry", "codename": "delete_logentry"}, "model": "auth.permission"}, {"pk": 85, "fields": {"content_type": 29, "name": "Can add comment", "codename": "add_comment"}, "model": "auth.permission"}, {"pk": 86, "fields": {"content_type": 29, "name": "Can change comment", "codename": "change_comment"}, "model": "auth.permission"}, {"pk": 87, "fields": {"content_type": 29, "name": "Can delete comment", "codename": "delete_comment"}, "model": "auth.permission"}, {"pk": 88, "fields": {"content_type": 29, "name": "Can moderate comments", "codename": "can_moderate"}, "model": "auth.permission"}, {"pk": 89, "fields": {"content_type": 30, "name": "Can add comment flag", "codename": "add_commentflag"}, "model": "auth.permission"}, {"pk": 90, "fields": {"content_type": 30, "name": "Can change comment flag", "codename": "change_commentflag"}, "model": "auth.permission"}, {"pk": 91, "fields": {"content_type": 30, "name": "Can delete comment flag", "codename": "delete_commentflag"}, "model": "auth.permission"}, {"pk": 2, "fields": {"user_permissions": [], "password": "pbkdf2_sha256$12000$WHlNZerPpkoH$UBSQ8Kn9FK/ZZETX6v5TUBmLXT/mqmjiySxzz/fUDXY=", "is_active": true, "username": "taedori", "last_login": "2015-05-18T14:57:52.570Z", "email": "taedori@outlook.com", "is_superuser": true, "groups": [], "date_joined": "2015-05-01T22:56:44.592Z", "is_staff": true, "first_name": "", "last_name": ""}, "model": "auth.user"}, {"pk": 1, "fields": {"content_type": 16, "action_time": "2015-05-01T23:00:59.755Z", "action_flag": 1, "change_message": "", "object_id": "9", "user": 2, "object_repr": "About / Contact Us"}, "model": "admin.logentry"}, {"pk": 2, "fields": {"content_type": 16, "action_time": "2015-05-01T23:03:01.109Z", "action_flag": 2, "change_message": "Changed keywords. Changed default and _order for Field \"Name\". Changed default and _order for Field \"Email\". Changed field_type, required and _order for Field \"Estimate\". Changed field_type, required and _order for Field \"Question\". Changed default and _order for Field \"Message\".", "object_id": "9", "user": 2, "object_repr": "About / Contact Us"}, "model": "admin.logentry"}, {"pk": 3, "fields": {"content_type": 3, "action_time": "2015-05-01T23:07:30.015Z", "action_flag": 3, "change_message": "", "object_id": "1", "user": 2, "object_repr": "admin"}, "model": "admin.logentry"}, {"pk": 4, "fields": {"content_type": 21, "action_time": "2015-05-06T20:50:39.345Z", "action_flag": 1, "change_message": "", "object_id": "10", "user": 2, "object_repr": "Home"}, "model": "admin.logentry"}, {"pk": 5, "fields": {"content_type": 21, "action_time": "2015-05-06T20:53:15.996Z", "action_flag": 2, "change_message": "Changed title, content, in_menus and keywords.", "object_id": "4", "user": 2, "object_repr": "About / About TIU"}, "model": "admin.logentry"}, {"pk": 6, "fields": {"content_type": 21, "action_time": "2015-05-06T20:55:49.106Z", "action_flag": 2, "change_message": "Changed title, content, in_menus and keywords.", "object_id": "5", "user": 2, "object_repr": "About / Location & Direction"}, "model": "admin.logentry"}, {"pk": 7, "fields": {"content_type": 16, "action_time": "2015-05-06T20:56:28.890Z", "action_flag": 2, "change_message": "Changed title, content, in_menus and keywords. Changed _order for Field \"Name\". Changed _order for Field \"Email\". Changed _order for Field \"Estimate\". Changed _order for Field \"Question\". Changed _order for Field \"Message\".", "object_id": "9", "user": 2, "object_repr": "About / Staff"}, "model": "admin.logentry"}, {"pk": 8, "fields": {"content_type": 21, "action_time": "2015-05-06T20:59:05.501Z", "action_flag": 2, "change_message": "Changed title, content, in_menus and keywords.", "object_id": "1", "user": 2, "object_repr": "Academics"}, "model": "admin.logentry"}, {"pk": 9, "fields": {"content_type": 21, "action_time": "2015-05-06T20:59:14.914Z", "action_flag": 2, "change_message": "Changed keywords.", "object_id": "1", "user": 2, "object_repr": "Academics"}, "model": "admin.logentry"}, {"pk": 10, "fields": {"content_type": 21, "action_time": "2015-05-06T21:02:55.964Z", "action_flag": 1, "change_message": "", "object_id": "11", "user": 2, "object_repr": "Academics / Faculty"}, "model": "admin.logentry"}, {"pk": 11, "fields": {"content_type": 21, "action_time": "2015-05-06T21:03:21.838Z", "action_flag": 1, "change_message": "", "object_id": "12", "user": 2, "object_repr": "Academics / Academic Calendar"}, "model": "admin.logentry"}, {"pk": 12, "fields": {"content_type": 21, "action_time": "2015-05-06T21:03:41.861Z", "action_flag": 1, "change_message": "", "object_id": "13", "user": 2, "object_repr": "Academics / Courses"}, "model": "admin.logentry"}, {"pk": 13, "fields": {"content_type": 23, "action_time": "2015-05-06T21:04:50.135Z", "action_flag": 2, "change_message": "Changed title, content, in_menus and keywords. Changed file and _order for Image \"Amsterdam  Holland\". Changed file and _order for Image \"Asturias  Brazil\". Changed file and _order for Image \"Athens  Greece\". Changed file and _order for Image \"Austin  USA\". Changed file and _order for Image \"A\u2560\u00fcvila  Spain\". Changed file and _order for Image \"Bangkok  Thailand\". Changed file and _order for Image \"Berlin  Germany\". Changed file and _order for Image \"Boston  USA\". Changed file and _order for Image \"Brisbane  Australia\". Changed file and _order for Image \"Bruxelles  Belgium\". Changed file and _order for Image \"Buenos Aires  Argentina\". Changed file and _order for Image \"Cairo  Egypt\". Changed file and _order for Image \"Chicage  USA\". Changed file and _order for Image \"City Of Singapore  Singapore\". Changed file and _order for Image \"Dallas  USA\". Changed file and _order for Image \"Denver  USA\". Changed file and _order for Image \"Dublin  Ireland\". Changed file and _order for Image \"Du\u2560\u00easseldorf  Germany\". Changed file and _order for Image \"Frankfurt  Germany\". Changed file and _order for Image \"Geneva  Switzerland\". Changed file and _order for Image \"Inverness  Scotland\". Changed file and _order for Image \"Lisbon  Portugal\". Changed file and _order for Image \"Liverpool  England\". Changed file and _order for Image \"London  England\". Changed file and _order for Image \"Long Beach  USA\". Changed file and _order for Image \"Louisville  USA\". Changed file and _order for Image \"Marrakech  Morocco\". Changed file and _order for Image \"Miami  USA\". Changed file and _order for Image \"Monaco  Monaco\". Changed file and _order for Image \"Moscow  Russia\". Changed file and _order for Image \"Naples  Italy\". Changed file and _order for Image \"Palermo  Italy\". Changed file and _order for Image \"Paris  France\". Changed file and _order for Image \"Reykjavik  Iceland\". Changed file and _order for Image \"Rome  Italy\". Changed file and _order for Image \"San Francisco  USA\". Changed file and _order for Image \"Santiago  Chile\". Changed file and _order for Image \"Seattle  USA\". Changed file and _order for Image \"Stockholm  Sweden\". Changed file and _order for Image \"Sydney  Australia\". Changed file and _order for Image \"Tempe Town Lake  USA\". Changed file and _order for Image \"Tokyo  Japan\". Changed file and _order for Image \"Toronto  Canada\". Changed file and _order for Image \"Vancouver  Canada\". Changed file and _order for Image \"Venice  Italy\". Changed file and _order for Image \"Vienna  Austria\". Changed file and _order for Image \"Warsaw  Poland\". Changed file and _order for Image \"Yokohama  Japan\". Changed file and _order for Image \"York  England\".", "object_id": "8", "user": 2, "object_repr": "Admissions"}, "model": "admin.logentry"}, {"pk": 14, "fields": {"content_type": 20, "action_time": "2015-05-06T21:05:27.286Z", "action_flag": 3, "change_message": "", "object_id": "6", "user": 2, "object_repr": "Contact / Legals"}, "model": "admin.logentry"}, {"pk": 15, "fields": {"content_type": 23, "action_time": "2015-05-06T21:08:57.320Z", "action_flag": 3, "change_message": "", "object_id": "8", "user": 2, "object_repr": "Admissions"}, "model": "admin.logentry"}, {"pk": 16, "fields": {"content_type": 21, "action_time": "2015-05-06T21:09:09.400Z", "action_flag": 1, "change_message": "", "object_id": "14", "user": 2, "object_repr": "Admissions"}, "model": "admin.logentry"}, {"pk": 17, "fields": {"content_type": 21, "action_time": "2015-05-06T21:12:54.004Z", "action_flag": 2, "change_message": "Changed content and keywords.", "object_id": "10", "user": 2, "object_repr": "Home"}, "model": "admin.logentry"}, {"pk": 18, "fields": {"content_type": 21, "action_time": "2015-05-06T22:24:17.519Z", "action_flag": 3, "change_message": "", "object_id": "1", "user": 2, "object_repr": "Academics"}, "model": "admin.logentry"}, {"pk": 19, "fields": {"content_type": 21, "action_time": "2015-05-06T22:24:45.308Z", "action_flag": 1, "change_message": "", "object_id": "15", "user": 2, "object_repr": "Academics"}, "model": "admin.logentry"}, {"pk": 20, "fields": {"content_type": 21, "action_time": "2015-05-06T22:25:08.806Z", "action_flag": 1, "change_message": "", "object_id": "16", "user": 2, "object_repr": "Academics / Courses"}, "model": "admin.logentry"}, {"pk": 21, "fields": {"content_type": 21, "action_time": "2015-05-06T22:25:23.596Z", "action_flag": 1, "change_message": "", "object_id": "17", "user": 2, "object_repr": "Academics / Faculty"}, "model": "admin.logentry"}, {"pk": 22, "fields": {"content_type": 21, "action_time": "2015-05-06T22:25:47.114Z", "action_flag": 1, "change_message": "", "object_id": "18", "user": 2, "object_repr": "Academics / Academic Calendar"}, "model": "admin.logentry"}, {"pk": 23, "fields": {"content_type": 21, "action_time": "2015-05-07T01:10:51.955Z", "action_flag": 2, "change_message": "Changed slug and keywords.", "object_id": "4", "user": 2, "object_repr": "About / About TIU"}, "model": "admin.logentry"}, {"pk": 24, "fields": {"content_type": 21, "action_time": "2015-05-07T01:31:18.401Z", "action_flag": 2, "change_message": "Changed slug and keywords.", "object_id": "5", "user": 2, "object_repr": "About / Location & Direction"}, "model": "admin.logentry"}, {"pk": 25, "fields": {"content_type": 20, "action_time": "2015-05-07T01:32:18.698Z", "action_flag": 3, "change_message": "", "object_id": "9", "user": 2, "object_repr": "About / Staff"}, "model": "admin.logentry"}, {"pk": 26, "fields": {"content_type": 21, "action_time": "2015-05-07T01:33:10.563Z", "action_flag": 1, "change_message": "", "object_id": "19", "user": 2, "object_repr": "About / Staff"}, "model": "admin.logentry"}, {"pk": 27, "fields": {"content_type": 21, "action_time": "2015-05-07T01:33:43.311Z", "action_flag": 2, "change_message": "Changed slug and keywords.", "object_id": "19", "user": 2, "object_repr": "About / Staff"}, "model": "admin.logentry"}, {"pk": 28, "fields": {"content_type": 21, "action_time": "2015-05-07T01:35:06.144Z", "action_flag": 2, "change_message": "Changed slug and keywords.", "object_id": "15", "user": 2, "object_repr": "Academics"}, "model": "admin.logentry"}, {"pk": 29, "fields": {"content_type": 21, "action_time": "2015-05-07T01:37:12.231Z", "action_flag": 2, "change_message": "Changed slug and keywords.", "object_id": "18", "user": 2, "object_repr": "Academics / Academic Calendar"}, "model": "admin.logentry"}, {"pk": 30, "fields": {"content_type": 16, "action_time": "2015-05-07T01:39:16.682Z", "action_flag": 2, "change_message": "Changed in_menus and keywords. Changed _order for Field \"Name\". Changed _order for Field \"Email\". Changed _order for Field \"Subject\". Changed _order for Field \"Message\".", "object_id": "3", "user": 2, "object_repr": "Contact"}, "model": "admin.logentry"}, {"pk": 31, "fields": {"content_type": 21, "action_time": "2015-05-07T18:05:02.692Z", "action_flag": 2, "change_message": "Changed in_menus and keywords.", "object_id": "2", "user": 2, "object_repr": "About"}, "model": "admin.logentry"}, {"pk": 32, "fields": {"content_type": 21, "action_time": "2015-05-07T18:05:57.245Z", "action_flag": 2, "change_message": "Changed in_menus, slug and keywords.", "object_id": "2", "user": 2, "object_repr": "About"}, "model": "admin.logentry"}, {"pk": 33, "fields": {"content_type": 21, "action_time": "2015-05-07T18:07:32.662Z", "action_flag": 2, "change_message": "Changed slug and keywords.", "object_id": "4", "user": 2, "object_repr": "About / About TIU"}, "model": "admin.logentry"}, {"pk": 34, "fields": {"content_type": 21, "action_time": "2015-05-07T18:08:28.764Z", "action_flag": 2, "change_message": "Changed slug and keywords.", "object_id": "5", "user": 2, "object_repr": "About / Location & Direction"}, "model": "admin.logentry"}, {"pk": 35, "fields": {"content_type": 21, "action_time": "2015-05-07T18:08:42.437Z", "action_flag": 2, "change_message": "Changed slug and keywords.", "object_id": "19", "user": 2, "object_repr": "About / Staff"}, "model": "admin.logentry"}, {"pk": 36, "fields": {"content_type": 21, "action_time": "2015-05-07T18:09:51.018Z", "action_flag": 2, "change_message": "Changed slug and keywords.", "object_id": "15", "user": 2, "object_repr": "Academics"}, "model": "admin.logentry"}, {"pk": 37, "fields": {"content_type": 21, "action_time": "2015-05-07T18:10:12.136Z", "action_flag": 2, "change_message": "Changed slug and keywords.", "object_id": "16", "user": 2, "object_repr": "Academics / Courses"}, "model": "admin.logentry"}, {"pk": 38, "fields": {"content_type": 21, "action_time": "2015-05-07T18:10:24.323Z", "action_flag": 2, "change_message": "Changed slug and keywords.", "object_id": "17", "user": 2, "object_repr": "Academics / Faculty"}, "model": "admin.logentry"}, {"pk": 39, "fields": {"content_type": 21, "action_time": "2015-05-07T18:10:40.571Z", "action_flag": 2, "change_message": "Changed slug and keywords.", "object_id": "18", "user": 2, "object_repr": "Academics / Academic Calendar"}, "model": "admin.logentry"}, {"pk": 40, "fields": {"content_type": 21, "action_time": "2015-05-07T18:10:55.471Z", "action_flag": 2, "change_message": "Changed title and keywords.", "object_id": "5", "user": 2, "object_repr": "About / Location"}, "model": "admin.logentry"}, {"pk": 41, "fields": {"content_type": 21, "action_time": "2015-05-07T18:11:06.182Z", "action_flag": 2, "change_message": "Changed title and keywords.", "object_id": "18", "user": 2, "object_repr": "Academics / Calendar"}, "model": "admin.logentry"}, {"pk": 42, "fields": {"content_type": 21, "action_time": "2015-05-07T18:32:53.104Z", "action_flag": 2, "change_message": "Changed slug and keywords.", "object_id": "2", "user": 2, "object_repr": "About"}, "model": "admin.logentry"}, {"pk": 43, "fields": {"content_type": 21, "action_time": "2015-05-07T18:33:22.684Z", "action_flag": 2, "change_message": "Changed keywords.", "object_id": "4", "user": 2, "object_repr": "About / About TIU"}, "model": "admin.logentry"}, {"pk": 44, "fields": {"content_type": 21, "action_time": "2015-05-07T18:34:06.675Z", "action_flag": 2, "change_message": "Changed slug and keywords.", "object_id": "15", "user": 2, "object_repr": "Academics"}, "model": "admin.logentry"}, {"pk": 45, "fields": {"content_type": 21, "action_time": "2015-05-08T19:15:41.745Z", "action_flag": 1, "change_message": "", "object_id": "20", "user": 2, "object_repr": "About / About TIU / President"}, "model": "admin.logentry"}, {"pk": 46, "fields": {"content_type": 21, "action_time": "2015-05-08T19:16:19.605Z", "action_flag": 1, "change_message": "", "object_id": "21", "user": 2, "object_repr": "About / About TIU / Chairman"}, "model": "admin.logentry"}, {"pk": 47, "fields": {"content_type": 21, "action_time": "2015-05-08T19:18:23.751Z", "action_flag": 1, "change_message": "", "object_id": "22", "user": 2, "object_repr": "About / About TIU / Statement of Mission"}, "model": "admin.logentry"}, {"pk": 48, "fields": {"content_type": 21, "action_time": "2015-05-08T19:19:13.203Z", "action_flag": 1, "change_message": "", "object_id": "23", "user": 2, "object_repr": "About / About TIU / Statement of Faith"}, "model": "admin.logentry"}, {"pk": 49, "fields": {"content_type": 21, "action_time": "2015-05-08T19:19:23.943Z", "action_flag": 2, "change_message": "Changed content, in_menus and keywords.", "object_id": "22", "user": 2, "object_repr": "About / About TIU / Statement of Mission"}, "model": "admin.logentry"}, {"pk": 50, "fields": {"content_type": 21, "action_time": "2015-05-08T19:19:36.205Z", "action_flag": 2, "change_message": "Changed content, in_menus and keywords.", "object_id": "21", "user": 2, "object_repr": "About / About TIU / Chairman"}, "model": "admin.logentry"}, {"pk": 51, "fields": {"content_type": 21, "action_time": "2015-05-08T21:07:58.967Z", "action_flag": 2, "change_message": "Changed content, in_menus, slug and keywords.", "object_id": "22", "user": 2, "object_repr": "About / About TIU / Statement of Mission"}, "model": "admin.logentry"}, {"pk": 52, "fields": {"content_type": 21, "action_time": "2015-05-08T21:08:19.838Z", "action_flag": 2, "change_message": "Changed content, in_menus, slug and keywords.", "object_id": "23", "user": 2, "object_repr": "About / About TIU / Statement of Faith"}, "model": "admin.logentry"}, {"pk": 53, "fields": {"content_type": 21, "action_time": "2015-05-08T21:12:37.358Z", "action_flag": 2, "change_message": "Changed content, in_menus and keywords.", "object_id": "20", "user": 2, "object_repr": "About / About TIU / President"}, "model": "admin.logentry"}, {"pk": 54, "fields": {"content_type": 21, "action_time": "2015-05-08T21:15:21.229Z", "action_flag": 2, "change_message": "Changed content, in_menus and keywords.", "object_id": "20", "user": 2, "object_repr": "About / About TIU / President"}, "model": "admin.logentry"}, {"pk": 55, "fields": {"content_type": 21, "action_time": "2015-05-08T21:16:29.997Z", "action_flag": 2, "change_message": "Changed content, in_menus and keywords.", "object_id": "20", "user": 2, "object_repr": "About / About TIU / President"}, "model": "admin.logentry"}, {"pk": 56, "fields": {"content_type": 21, "action_time": "2015-05-08T21:21:36.944Z", "action_flag": 2, "change_message": "Changed content and id.", "object_id": "20", "user": 2, "object_repr": "About / About TIU / President"}, "model": "admin.logentry"}, {"pk": 57, "fields": {"content_type": 21, "action_time": "2015-05-08T21:21:48.549Z", "action_flag": 2, "change_message": "Changed content and id.", "object_id": "20", "user": 2, "object_repr": "About / About TIU / President"}, "model": "admin.logentry"}, {"pk": 58, "fields": {"content_type": 21, "action_time": "2015-05-08T21:22:52.310Z", "action_flag": 2, "change_message": "Changed content and id.", "object_id": "20", "user": 2, "object_repr": "About / About TIU / President"}, "model": "admin.logentry"}, {"pk": 59, "fields": {"content_type": 21, "action_time": "2015-05-08T21:25:50.931Z", "action_flag": 2, "change_message": "Changed content and id.", "object_id": "21", "user": 2, "object_repr": "About / About TIU / Chairman"}, "model": "admin.logentry"}, {"pk": 60, "fields": {"content_type": 21, "action_time": "2015-05-11T16:52:47.594Z", "action_flag": 1, "change_message": "", "object_id": "24", "user": 2, "object_repr": "About / About TIU / TIU"}, "model": "admin.logentry"}, {"pk": 61, "fields": {"content_type": 21, "action_time": "2015-05-11T16:53:50.826Z", "action_flag": 2, "change_message": "Changed slug and keywords.", "object_id": "4", "user": 2, "object_repr": "About / About TIU"}, "model": "admin.logentry"}, {"pk": 62, "fields": {"content_type": 21, "action_time": "2015-05-11T16:55:02.896Z", "action_flag": 2, "change_message": "Changed slug and keywords.", "object_id": "4", "user": 2, "object_repr": "About / About TIU"}, "model": "admin.logentry"}, {"pk": 63, "fields": {"content_type": 21, "action_time": "2015-05-11T17:00:11.044Z", "action_flag": 2, "change_message": "Changed title and keywords.", "object_id": "4", "user": 2, "object_repr": "About / TIU"}, "model": "admin.logentry"}, {"pk": 64, "fields": {"content_type": 20, "action_time": "2015-05-11T17:00:21.889Z", "action_flag": 3, "change_message": "", "object_id": "24", "user": 2, "object_repr": "About / About TIU / TIU"}, "model": "admin.logentry"}, {"pk": 65, "fields": {"content_type": 21, "action_time": "2015-05-11T17:56:49.857Z", "action_flag": 2, "change_message": "Changed slug and keywords.", "object_id": "2", "user": 2, "object_repr": "About"}, "model": "admin.logentry"}, {"pk": 66, "fields": {"content_type": 21, "action_time": "2015-05-11T17:58:07.861Z", "action_flag": 2, "change_message": "Changed slug and keywords.", "object_id": "2", "user": 2, "object_repr": "About"}, "model": "admin.logentry"}, {"pk": 67, "fields": {"content_type": 21, "action_time": "2015-05-12T16:34:31.851Z", "action_flag": 2, "change_message": "Changed content and keywords.", "object_id": "2", "user": 2, "object_repr": "About"}, "model": "admin.logentry"}, {"pk": 68, "fields": {"content_type": 20, "action_time": "2015-05-12T16:35:27.880Z", "action_flag": 3, "change_message": "", "object_id": "4", "user": 2, "object_repr": "About / TIU"}, "model": "admin.logentry"}, {"pk": 69, "fields": {"content_type": 21, "action_time": "2015-05-12T16:35:39.038Z", "action_flag": 2, "change_message": "Changed content, in_menus, slug and keywords.", "object_id": "20", "user": 2, "object_repr": "About / President"}, "model": "admin.logentry"}, {"pk": 70, "fields": {"content_type": 21, "action_time": "2015-05-12T16:35:52.225Z", "action_flag": 2, "change_message": "Changed content, in_menus, slug and keywords.", "object_id": "21", "user": 2, "object_repr": "About / Chairman"}, "model": "admin.logentry"}, {"pk": 71, "fields": {"content_type": 21, "action_time": "2015-05-12T16:36:02.415Z", "action_flag": 2, "change_message": "Changed content, in_menus and keywords.", "object_id": "20", "user": 2, "object_repr": "About / President"}, "model": "admin.logentry"}, {"pk": 72, "fields": {"content_type": 21, "action_time": "2015-05-12T16:36:15.222Z", "action_flag": 2, "change_message": "Changed content, in_menus, slug and keywords.", "object_id": "22", "user": 2, "object_repr": "About / Statement of Mission"}, "model": "admin.logentry"}, {"pk": 73, "fields": {"content_type": 21, "action_time": "2015-05-12T16:36:30.407Z", "action_flag": 2, "change_message": "Changed content, in_menus, slug and keywords.", "object_id": "23", "user": 2, "object_repr": "About / Statement of Faith"}, "model": "admin.logentry"}, {"pk": 74, "fields": {"content_type": 21, "action_time": "2015-05-12T16:36:42.720Z", "action_flag": 2, "change_message": "Changed keywords.", "object_id": "5", "user": 2, "object_repr": "About / Location"}, "model": "admin.logentry"}, {"pk": 75, "fields": {"content_type": 21, "action_time": "2015-05-12T16:37:30.756Z", "action_flag": 2, "change_message": "Changed title, content and keywords.", "object_id": "20", "user": 2, "object_repr": "About / President's Welcome"}, "model": "admin.logentry"}, {"pk": 76, "fields": {"content_type": 21, "action_time": "2015-05-12T16:38:11.481Z", "action_flag": 2, "change_message": "Changed title, content and keywords.", "object_id": "21", "user": 2, "object_repr": "About / Chairman's Welcome"}, "model": "admin.logentry"}, {"pk": 77, "fields": {"content_type": 21, "action_time": "2015-05-12T17:02:05.370Z", "action_flag": 2, "change_message": "Changed content and keywords.", "object_id": "22", "user": 2, "object_repr": "About / Statement of Mission"}, "model": "admin.logentry"}, {"pk": 78, "fields": {"content_type": 21, "action_time": "2015-05-12T17:02:35.112Z", "action_flag": 2, "change_message": "Changed content and keywords.", "object_id": "22", "user": 2, "object_repr": "About / Statement of Mission"}, "model": "admin.logentry"}, {"pk": 79, "fields": {"content_type": 21, "action_time": "2015-05-12T17:04:40.130Z", "action_flag": 2, "change_message": "Changed content and keywords.", "object_id": "23", "user": 2, "object_repr": "About / Statement of Faith"}, "model": "admin.logentry"}, {"pk": 80, "fields": {"content_type": 21, "action_time": "2015-05-12T17:05:18.558Z", "action_flag": 2, "change_message": "Changed content and keywords.", "object_id": "23", "user": 2, "object_repr": "About / Statement of Faith"}, "model": "admin.logentry"}, {"pk": 81, "fields": {"content_type": 21, "action_time": "2015-05-12T21:07:38.715Z", "action_flag": 2, "change_message": "Changed description, gen_description and keywords.", "object_id": "19", "user": 2, "object_repr": "About / Staff"}, "model": "admin.logentry"}, {"pk": 82, "fields": {"content_type": 21, "action_time": "2015-05-12T21:11:53.142Z", "action_flag": 2, "change_message": "Changed description and keywords.", "object_id": "19", "user": 2, "object_repr": "About / Staff"}, "model": "admin.logentry"}, {"pk": 83, "fields": {"content_type": 21, "action_time": "2015-05-12T21:13:47.813Z", "action_flag": 2, "change_message": "Changed content, description, gen_description and keywords.", "object_id": "20", "user": 2, "object_repr": "About / President's Welcome"}, "model": "admin.logentry"}, {"pk": 84, "fields": {"content_type": 21, "action_time": "2015-05-12T21:14:04.038Z", "action_flag": 2, "change_message": "Changed content, description, gen_description and keywords.", "object_id": "21", "user": 2, "object_repr": "About / Chairman's Welcome"}, "model": "admin.logentry"}, {"pk": 85, "fields": {"content_type": 21, "action_time": "2015-05-12T21:14:22.468Z", "action_flag": 2, "change_message": "Changed content, description, gen_description and keywords.", "object_id": "22", "user": 2, "object_repr": "About / Statement of Mission"}, "model": "admin.logentry"}, {"pk": 86, "fields": {"content_type": 21, "action_time": "2015-05-12T21:14:41.848Z", "action_flag": 2, "change_message": "Changed content, description, gen_description and keywords.", "object_id": "23", "user": 2, "object_repr": "About / Statement of Faith"}, "model": "admin.logentry"}, {"pk": 87, "fields": {"content_type": 21, "action_time": "2015-05-12T21:15:24.504Z", "action_flag": 2, "change_message": "Changed description, gen_description and keywords.", "object_id": "2", "user": 2, "object_repr": "About"}, "model": "admin.logentry"}, {"pk": 88, "fields": {"content_type": 21, "action_time": "2015-05-13T04:33:44.246Z", "action_flag": 2, "change_message": "Changed description and keywords.", "object_id": "5", "user": 2, "object_repr": "About / Location"}, "model": "admin.logentry"}, {"pk": 89, "fields": {"content_type": 20, "action_time": "2015-05-13T05:35:34.511Z", "action_flag": 3, "change_message": "", "object_id": "5", "user": 2, "object_repr": "About / Location"}, "model": "admin.logentry"}, {"pk": 90, "fields": {"content_type": 16, "action_time": "2015-05-13T05:39:09.250Z", "action_flag": 2, "change_message": "Changed keywords. Changed _order for Field \"Name\". Changed _order for Field \"Email\". Changed choices and _order for Field \"Subject\". Changed _order for Field \"Message\".", "object_id": "3", "user": 2, "object_repr": "Contact"}, "model": "admin.logentry"}, {"pk": 91, "fields": {"content_type": 16, "action_time": "2015-05-13T05:40:14.906Z", "action_flag": 2, "change_message": "Changed email_copies and keywords. Changed _order for Field \"Name\". Changed _order for Field \"Email\". Changed _order for Field \"Subject\". Changed _order for Field \"Message\".", "object_id": "3", "user": 2, "object_repr": "Contact"}, "model": "admin.logentry"}, {"pk": 92, "fields": {"content_type": 16, "action_time": "2015-05-13T05:41:03.093Z", "action_flag": 2, "change_message": "Changed email_from, email_copies and keywords. Changed _order for Field \"Name\". Changed _order for Field \"Email\". Changed _order for Field \"Subject\". Changed _order for Field \"Message\".", "object_id": "3", "user": 2, "object_repr": "Contact"}, "model": "admin.logentry"}, {"pk": 93, "fields": {"content_type": 16, "action_time": "2015-05-13T16:38:37.646Z", "action_flag": 2, "change_message": "Changed send_email, email_copies and keywords. Changed default and _order for Field \"Name\". Changed default and _order for Field \"Email\". Changed default and _order for Field \"Subject\". Changed default and _order for Field \"Message\".", "object_id": "3", "user": 2, "object_repr": "Contact"}, "model": "admin.logentry"}, {"pk": 94, "fields": {"content_type": 16, "action_time": "2015-05-13T16:39:42.688Z", "action_flag": 2, "change_message": "Changed email_from and keywords. Changed _order for Field \"Name\". Changed _order for Field \"Email\". Changed _order for Field \"Subject\". Changed _order for Field \"Message\".", "object_id": "3", "user": 2, "object_repr": "Contact"}, "model": "admin.logentry"}, {"pk": 95, "fields": {"content_type": 16, "action_time": "2015-05-13T16:41:53.847Z", "action_flag": 2, "change_message": "Changed send_email, email_subject, email_message and keywords. Changed _order for Field \"Name\". Changed _order for Field \"Email\". Changed _order for Field \"Subject\". Changed _order for Field \"Message\".", "object_id": "3", "user": 2, "object_repr": "Contact"}, "model": "admin.logentry"}, {"pk": 96, "fields": {"content_type": 16, "action_time": "2015-05-13T16:46:06.813Z", "action_flag": 2, "change_message": "Changed email_copies and keywords. Changed _order for Field \"Name\". Changed _order for Field \"Email\". Changed _order for Field \"Subject\". Changed _order for Field \"Message\".", "object_id": "3", "user": 2, "object_repr": "Contact"}, "model": "admin.logentry"}, {"pk": 97, "fields": {"content_type": 16, "action_time": "2015-05-13T17:27:11.391Z", "action_flag": 2, "change_message": "Changed email_copies, email_subject, email_message and keywords. Added Field \"Message\". Added Field \"ddasd\". Added Field \"adsad\". Added Field \"adsad\". Added Field \"adsdas\". Added Field \"adssad\". Deleted Field \"Name\". Deleted Field \"Email\". Deleted Field \"Subject\". Deleted Field \"Message\".", "object_id": "3", "user": 2, "object_repr": "Contact"}, "model": "admin.logentry"}, {"pk": 98, "fields": {"content_type": 16, "action_time": "2015-05-13T17:27:34.428Z", "action_flag": 2, "change_message": "Changed keywords. Deleted Field \"Message\". Deleted Field \"ddasd\". Deleted Field \"adsad\". Deleted Field \"adsad\". Deleted Field \"adsdas\". Deleted Field \"adssad\".", "object_id": "3", "user": 2, "object_repr": "Contact"}, "model": "admin.logentry"}, {"pk": 99, "fields": {"content_type": 16, "action_time": "2015-05-13T18:26:39.987Z", "action_flag": 2, "change_message": "Changed keywords. Added Field \"name\". Added Field \"email\". Added Field \"subject\". Added Field \"message\".", "object_id": "3", "user": 2, "object_repr": "Contact"}, "model": "admin.logentry"}, {"pk": 100, "fields": {"content_type": 16, "action_time": "2015-05-13T18:43:19.544Z", "action_flag": 2, "change_message": "Changed keywords. Deleted Field \"name\". Deleted Field \"email\". Deleted Field \"subject\". Deleted Field \"message\".", "object_id": "3", "user": 2, "object_repr": "Contact"}, "model": "admin.logentry"}, {"pk": 101, "fields": {"content_type": 21, "action_time": "2015-05-13T23:30:17.072Z", "action_flag": 1, "change_message": "", "object_id": "24", "user": 2, "object_repr": "Academics / Academic Programs"}, "model": "admin.logentry"}, {"pk": 102, "fields": {"content_type": 21, "action_time": "2015-05-15T00:56:48.968Z", "action_flag": 2, "change_message": "Changed content and keywords.", "object_id": "22", "user": 2, "object_repr": "About / Statement of Mission"}, "model": "admin.logentry"}, {"pk": 103, "fields": {"content_type": 21, "action_time": "2015-05-15T01:06:40.243Z", "action_flag": 2, "change_message": "Changed content and keywords.", "object_id": "23", "user": 2, "object_repr": "About / Statement of Faith"}, "model": "admin.logentry"}, {"pk": 104, "fields": {"content_type": 21, "action_time": "2015-05-15T01:11:02.925Z", "action_flag": 2, "change_message": "Changed content and keywords.", "object_id": "20", "user": 2, "object_repr": "About / President's Welcome"}, "model": "admin.logentry"}, {"pk": 105, "fields": {"content_type": 21, "action_time": "2015-05-15T01:11:27.443Z", "action_flag": 2, "change_message": "Changed content and keywords.", "object_id": "21", "user": 2, "object_repr": "About / Chairman's Welcome"}, "model": "admin.logentry"}, {"pk": 106, "fields": {"content_type": 21, "action_time": "2015-05-15T01:18:59.554Z", "action_flag": 2, "change_message": "Changed content, description and keywords.", "object_id": "2", "user": 2, "object_repr": "About"}, "model": "admin.logentry"}, {"pk": 107, "fields": {"content_type": 21, "action_time": "2015-05-15T15:15:14.224Z", "action_flag": 2, "change_message": "Changed content and keywords.", "object_id": "14", "user": 2, "object_repr": "Admissions"}, "model": "admin.logentry"}, {"pk": 108, "fields": {"content_type": 21, "action_time": "2015-05-15T15:16:12.736Z", "action_flag": 2, "change_message": "Changed content, description and keywords.", "object_id": "14", "user": 2, "object_repr": "Admissions"}, "model": "admin.logentry"}, {"pk": 109, "fields": {"content_type": 21, "action_time": "2015-05-15T15:16:38.051Z", "action_flag": 2, "change_message": "Changed content, description, gen_description and keywords.", "object_id": "14", "user": 2, "object_repr": "Admissions"}, "model": "admin.logentry"}, {"pk": 110, "fields": {"content_type": 21, "action_time": "2015-05-15T15:23:51.818Z", "action_flag": 2, "change_message": "Changed content and keywords.", "object_id": "14", "user": 2, "object_repr": "Admissions"}, "model": "admin.logentry"}, {"pk": 111, "fields": {"content_type": 21, "action_time": "2015-05-15T15:25:49.475Z", "action_flag": 2, "change_message": "Changed content, description, gen_description and keywords.", "object_id": "15", "user": 2, "object_repr": "Academics"}, "model": "admin.logentry"}, {"pk": 112, "fields": {"content_type": 21, "action_time": "2015-05-15T15:26:30.429Z", "action_flag": 2, "change_message": "Changed content and keywords.", "object_id": "15", "user": 2, "object_repr": "Academics"}, "model": "admin.logentry"}, {"pk": 113, "fields": {"content_type": 21, "action_time": "2015-05-15T15:34:07.187Z", "action_flag": 2, "change_message": "Changed description, gen_description and keywords.", "object_id": "16", "user": 2, "object_repr": "Academics / Courses"}, "model": "admin.logentry"}, {"pk": 114, "fields": {"content_type": 21, "action_time": "2015-05-15T15:35:05.172Z", "action_flag": 2, "change_message": "Changed content and keywords.", "object_id": "16", "user": 2, "object_repr": "Academics / Courses"}, "model": "admin.logentry"}, {"pk": 115, "fields": {"content_type": 21, "action_time": "2015-05-17T15:00:08.952Z", "action_flag": 2, "change_message": "Changed content and keywords.", "object_id": "21", "user": 2, "object_repr": "About / Chairman's Welcome"}, "model": "admin.logentry"}, {"pk": 116, "fields": {"content_type": 21, "action_time": "2015-05-18T14:58:20.380Z", "action_flag": 2, "change_message": "Changed content and keywords.", "object_id": "21", "user": 2, "object_repr": "About / Chairman's Welcome"}, "model": "admin.logentry"}]